2026-09-04 15:34:19,310 - INFO - event_ticketing - Application startup complete
2026-09-04 15:34:28,875 - INFO - event_ticketing - Application startup complete
2026-09-04 15:34:40,379 - INFO - event_ticketing - Registered new user f2b28ef8-54ba-4bcc-9da5-0f9b0cc75b0b (test_1788532479@example.com)
2026-09-04 15:34:40,444 - INFO - event_ticketing - POST /auth/register -> 201 (921.3ms)
2026-09-04 15:34:40,688 - INFO - event_ticketing - User f2b28ef8-54ba-4bcc-9da5-0f9b0cc75b0b (test_1788532479@example.com) logged in
2026-09-04 15:34:40,706 - INFO - event_ticketing - POST /auth/login -> 200 (240.2ms)
2026-09-04 15:34:41,033 - WARNING - event_ticketing - Failed login attempt for test_1788532479@example.com
2026-09-04 15:34:41,034 - INFO - event_ticketing - POST /auth/login -> 401 (237.4ms)
2026-09-04 15:34:41,063 - INFO - event_ticketing - GET /auth/me -> 200 (8.1ms)
2026-09-04 15:34:41,087 - INFO - event_ticketing - GET /auth/me -> 401 (2.2ms)
2026-09-04 15:34:41,115 - INFO - event_ticketing - GET /auth/me -> 401 (2.5ms)
2026-09-04 15:34:41,142 - INFO - event_ticketing - GET /auth/me -> 401 (1.8ms)
2026-09-04 15:34:41,167 - WARNING - event_ticketing - Registration attempted for existing email test_1788532479@example.com
2026-09-04 15:34:41,169 - INFO - event_ticketing - POST /auth/register -> 409 (6.2ms)
2026-09-04 15:34:41,192 - INFO - event_ticketing - GET /does-not-exist -> 404 (2.8ms)
2026-09-04 15:34:51,559 - INFO - event_ticketing - GET /auth/me -> 401 (2.1ms)
2026-09-04 15:34:51,753 - INFO - event_ticketing - Password reset requested for test_1788532479@example.com (token issued: True)
2026-09-04 15:34:51,754 - INFO - event_ticketing - POST /auth/forgot-password -> 200 (172.9ms)
2026-09-04 15:34:51,860 - INFO - event_ticketing - Password reset requested for nobody@nowhere.com (token issued: False)
2026-09-04 15:34:51,862 - INFO - event_ticketing - POST /auth/forgot-password -> 200 (5.6ms)
2026-09-04 15:34:52,216 - INFO - event_ticketing - Password reset completed for token 7FF2-SG0...
2026-09-04 15:34:52,217 - INFO - event_ticketing - PATCH /auth/reset-password -> 200 (334.1ms)
2026-09-04 15:34:52,513 - INFO - event_ticketing - User f2b28ef8-54ba-4bcc-9da5-0f9b0cc75b0b (test_1788532479@example.com) logged in
2026-09-04 15:34:52,514 - INFO - event_ticketing - POST /auth/login -> 200 (274.8ms)
2026-09-04 15:34:52,549 - WARNING - event_ticketing - Invalid or expired password reset token used
2026-09-04 15:34:52,552 - INFO - event_ticketing - PATCH /auth/reset-password -> 400 (6.9ms)
2026-09-04 15:34:52,715 - INFO - event_ticketing - Application shutdown
2026-09-04 15:41:57,633 - INFO - event_ticketing - Application shutdown
2026-09-04 15:42:24,026 - INFO - event_ticketing - Application startup complete
2026-09-04 15:46:55,178 - WARNING - event_ticketing - Registration attempted for existing email ewherheakpesiri+5@gmail.com
2026-09-04 15:46:55,185 - INFO - event_ticketing - POST /auth/register -> 409 (155.0ms)
2026-09-04 15:47:03,539 - INFO - event_ticketing - Registered new user 62a756f7-e8fa-4ac7-90cf-e7563a5bea9f (ewherheakpesiri+6@gmail.com)
2026-09-04 15:47:03,633 - INFO - event_ticketing - POST /auth/register -> 201 (428.6ms)
2026-09-04 16:16:39,805 - INFO - event_ticketing - Application shutdown
2026-09-04 16:16:44,430 - INFO - event_ticketing - Application startup complete
2026-09-04 16:19:49,490 - INFO - event_ticketing - Application shutdown
2026-09-04 16:19:59,163 - INFO - event_ticketing - Application startup complete
2026-09-04 16:19:59,270 - INFO - event_ticketing - Application shutdown
2026-09-04 16:20:07,483 - INFO - event_ticketing - Application startup complete
2026-09-04 16:20:33,677 - INFO - event_ticketing - Application startup complete
2026-09-04 16:20:41,302 - INFO - event_ticketing - GET /docs -> 200 (1.3ms)
2026-09-04 16:20:41,402 - INFO - event_ticketing - GET /openapi.json -> 200 (78.9ms)
2026-09-04 16:20:41,605 - INFO - event_ticketing - Application shutdown
2026-09-09 10:23:36,594 - INFO - event_ticketing - Application startup complete
2026-09-09 10:23:56,922 - INFO - event_ticketing - GET / -> 200 (138.8ms)
2026-09-09 10:23:57,009 - INFO - event_ticketing - GET /favicon.ico -> 404 (6.8ms)
2026-09-09 10:24:01,144 - INFO - event_ticketing - GET /docs -> 200 (1.1ms)
2026-09-09 10:24:03,323 - INFO - event_ticketing - GET /openapi.json -> 200 (533.8ms)
2026-09-09 10:25:16,942 - INFO - event_ticketing - GET /openapi.json -> 200 (1.5ms)
2026-09-09 10:25:17,024 - INFO - event_ticketing - GET /favicon.ico -> 404 (9.2ms)
2026-09-09 10:37:13,895 - INFO - event_ticketing - Application shutdown
2026-09-09 10:37:20,445 - INFO - event_ticketing - Application startup complete
2026-09-09 10:37:46,872 - INFO - event_ticketing - Application shutdown
2026-09-09 10:37:52,946 - INFO - event_ticketing - Application startup complete
2026-09-09 10:38:03,587 - INFO - event_ticketing - Application shutdown
2026-09-09 10:38:10,198 - INFO - event_ticketing - Application startup complete
2026-09-09 10:38:20,592 - INFO - event_ticketing - Application shutdown
2026-09-09 10:38:25,350 - INFO - event_ticketing - Application startup complete
2026-09-09 10:39:48,011 - INFO - event_ticketing - Application shutdown
2026-09-09 10:39:53,852 - INFO - event_ticketing - Application startup complete
2026-09-09 10:41:29,862 - INFO - event_ticketing - Application shutdown
2026-09-09 10:41:38,732 - INFO - event_ticketing - Application startup complete
2026-09-09 10:45:09,019 - INFO - event_ticketing - Application shutdown
2026-09-09 10:45:14,595 - INFO - event_ticketing - Application startup complete
2026-09-09 11:01:30,541 - INFO - event_ticketing - GET /docs -> 200 (3.2ms)
2026-09-09 11:01:31,611 - INFO - event_ticketing - GET /openapi.json -> 200 (558.7ms)
2026-09-09 11:04:38,400 - INFO - event_ticketing - Application shutdown
2026-09-09 11:21:31,692 - INFO - event_ticketing - Application startup complete
2026-09-09 11:25:59,765 - ERROR - event_ticketing - Database error on POST /auth/register: (psycopg2.errors.UndefinedColumn) column users.phone does not exist
LINE 1: ...l, users.first_name, users.last_name, users.role, users.phon...
                                                             ^

[SQL: SELECT users.uuid, users.email, users.first_name, users.last_name, users.role, users.phone, users.organization, users.bank_name, users.bank_account_number, users.password_hash, users.created_at, users.updated_at 
FROM users 
WHERE users.email = %(email_1)s]
[parameters: {'email_1': 'ewherheakpesiri+9@gmail.com'}]
(Background on this error at: https://sqlalche.me/e/20/f405)
Traceback (most recent call last):
  File "/Users/ewherheakpesir/Documents/Evvent-api/.venv/lib/python3.14/site-packages/sqlalchemy/engine/base.py", line 1969, in _exec_single_context
    self.dialect.do_execute(
    ~~~~~~~~~~~~~~~~~~~~~~~^
        cursor, str_statement, effective_parameters, context
        ^^^^^^^^^^^^^^^^^^^^^^^^^^^^^^^^^^^^^^^^^^^^^^^^^^^^
    )
    ^
  File "/Users/ewherheakpesir/Documents/Evvent-api/.venv/lib/python3.14/site-packages/sqlalchemy/engine/default.py", line 952, in do_execute
    cursor.execute(statement, parameters)
    ~~~~~~~~~~~~~~^^^^^^^^^^^^^^^^^^^^^^^
psycopg2.errors.UndefinedColumn: column users.phone does not exist
LINE 1: ...l, users.first_name, users.last_name, users.role, users.phon...
                                                             ^


The above exception was the direct cause of the following exception:

Traceback (most recent call last):
  File "/Users/ewherheakpesir/Documents/Evvent-api/.venv/lib/python3.14/site-packages/starlette/_exception_handler.py", line 42, in wrapped_app
    await app(scope, receive, sender)
  File "/Users/ewherheakpesir/Documents/Evvent-api/.venv/lib/python3.14/site-packages/fastapi/routing.py", line 144, in app
    response = await f(request)
               ^^^^^^^^^^^^^^^^
  File "/Users/ewherheakpesir/Documents/Evvent-api/.venv/lib/python3.14/site-packages/fastapi/routing.py", line 706, in app
    raw_response = await run_endpoint_function(
                   ^^^^^^^^^^^^^^^^^^^^^^^^^^^^
    ...<3 lines>...
    )
    ^
  File "/Users/ewherheakpesir/Documents/Evvent-api/.venv/lib/python3.14/site-packages/fastapi/routing.py", line 354, in run_endpoint_function
    return await run_in_threadpool(dependant.call, **values)
           ^^^^^^^^^^^^^^^^^^^^^^^^^^^^^^^^^^^^^^^^^^^^^^^^^
  File "/Users/ewherheakpesir/Documents/Evvent-api/.venv/lib/python3.14/site-packages/starlette/concurrency.py", line 34, in run_in_threadpool
    return await anyio.to_thread.run_sync(func)
           ^^^^^^^^^^^^^^^^^^^^^^^^^^^^^^^^^^^^
  File "/Users/ewherheakpesir/Documents/Evvent-api/.venv/lib/python3.14/site-packages/anyio/to_thread.py", line 65, in run_sync
    return await get_async_backend().run_sync_in_worker_thread(
           ^^^^^^^^^^^^^^^^^^^^^^^^^^^^^^^^^^^^^^^^^^^^^^^^^^^^
        func, args, abandon_on_cancel=abandon_on_cancel, limiter=limiter
        ^^^^^^^^^^^^^^^^^^^^^^^^^^^^^^^^^^^^^^^^^^^^^^^^^^^^^^^^^^^^^^^^
    )
    ^
  File "/Users/ewherheakpesir/Documents/Evvent-api/.venv/lib/python3.14/site-packages/anyio/_backends/_asyncio.py", line 2641, in run_sync_in_worker_thread
    return await future
           ^^^^^^^^^^^^
  File "/Users/ewherheakpesir/Documents/Evvent-api/.venv/lib/python3.14/site-packages/anyio/_backends/_asyncio.py", line 1033, in run
    result = context.run(func, *args)
  File "/Users/ewherheakpesir/Documents/Evvent-api/auth/controller.py", line 30, in register
    user = register_user(session, **data.model_dump())
  File "/Users/ewherheakpesir/Documents/Evvent-api/auth/services.py", line 38, in register_user
    if session.exec(select(User).where(User.email == email)).first():
       ~~~~~~~~~~~~^^^^^^^^^^^^^^^^^^^^^^^^^^^^^^^^^^^^^^^^^
  File "/Users/ewherheakpesir/Documents/Evvent-api/.venv/lib/python3.14/site-packages/sqlmodel/orm/session.py", line 75, in exec
    results = super().execute(
        statement,
    ...<4 lines>...
        _add_event=_add_event,
    )
  File "/Users/ewherheakpesir/Documents/Evvent-api/.venv/lib/python3.14/site-packages/sqlalchemy/orm/session.py", line 2373, in execute
    return self._execute_internal(
           ~~~~~~~~~~~~~~~~~~~~~~^
        statement,
        ^^^^^^^^^^
    ...<4 lines>...
        _add_event=_add_event,
        ^^^^^^^^^^^^^^^^^^^^^^
    )
    ^
  File "/Users/ewherheakpesir/Documents/Evvent-api/.venv/lib/python3.14/site-packages/sqlalchemy/orm/session.py", line 2271, in _execute_internal
    result: Result[Any] = compile_state_cls.orm_execute_statement(
                          ~~~~~~~~~~~~~~~~~~~~~~~~~~~~~~~~~~~~~~~^
        self,
        ^^^^^
    ...<4 lines>...
        conn,
        ^^^^^
    )
    ^
  File "/Users/ewherheakpesir/Documents/Evvent-api/.venv/lib/python3.14/site-packages/sqlalchemy/orm/context.py", line 306, in orm_execute_statement
    result = conn.execute(
        statement, params or {}, execution_options=execution_options
    )
  File "/Users/ewherheakpesir/Documents/Evvent-api/.venv/lib/python3.14/site-packages/sqlalchemy/engine/base.py", line 1421, in execute
    return meth(
        self,
        distilled_parameters,
        execution_options or NO_OPTIONS,
    )
  File "/Users/ewherheakpesir/Documents/Evvent-api/.venv/lib/python3.14/site-packages/sqlalchemy/sql/elements.py", line 526, in _execute_on_connection
    return connection._execute_clauseelement(
           ~~~~~~~~~~~~~~~~~~~~~~~~~~~~~~~~~^
        self, distilled_params, execution_options
        ^^^^^^^^^^^^^^^^^^^^^^^^^^^^^^^^^^^^^^^^^
    )
    ^
  File "/Users/ewherheakpesir/Documents/Evvent-api/.venv/lib/python3.14/site-packages/sqlalchemy/engine/base.py", line 1643, in _execute_clauseelement
    ret = self._execute_context(
        dialect,
    ...<8 lines>...
        cache_hit=cache_hit,
    )
  File "/Users/ewherheakpesir/Documents/Evvent-api/.venv/lib/python3.14/site-packages/sqlalchemy/engine/base.py", line 1848, in _execute_context
    return self._exec_single_context(
           ~~~~~~~~~~~~~~~~~~~~~~~~~^
        dialect, context, statement, parameters
        ^^^^^^^^^^^^^^^^^^^^^^^^^^^^^^^^^^^^^^^
    )
    ^
  File "/Users/ewherheakpesir/Documents/Evvent-api/.venv/lib/python3.14/site-packages/sqlalchemy/engine/base.py", line 1988, in _exec_single_context
    self._handle_dbapi_exception(
    ~~~~~~~~~~~~~~~~~~~~~~~~~~~~^
        e, str_statement, effective_parameters, cursor, context
        ^^^^^^^^^^^^^^^^^^^^^^^^^^^^^^^^^^^^^^^^^^^^^^^^^^^^^^^
    )
    ^
  File "/Users/ewherheakpesir/Documents/Evvent-api/.venv/lib/python3.14/site-packages/sqlalchemy/engine/base.py", line 2365, in _handle_dbapi_exception
    raise sqlalchemy_exception.with_traceback(exc_info[2]) from e
  File "/Users/ewherheakpesir/Documents/Evvent-api/.venv/lib/python3.14/site-packages/sqlalchemy/engine/base.py", line 1969, in _exec_single_context
    self.dialect.do_execute(
    ~~~~~~~~~~~~~~~~~~~~~~~^
        cursor, str_statement, effective_parameters, context
        ^^^^^^^^^^^^^^^^^^^^^^^^^^^^^^^^^^^^^^^^^^^^^^^^^^^^
    )
    ^
  File "/Users/ewherheakpesir/Documents/Evvent-api/.venv/lib/python3.14/site-packages/sqlalchemy/engine/default.py", line 952, in do_execute
    cursor.execute(statement, parameters)
    ~~~~~~~~~~~~~~^^^^^^^^^^^^^^^^^^^^^^^
sqlalchemy.exc.ProgrammingError: (psycopg2.errors.UndefinedColumn) column users.phone does not exist
LINE 1: ...l, users.first_name, users.last_name, users.role, users.phon...
                                                             ^

[SQL: SELECT users.uuid, users.email, users.first_name, users.last_name, users.role, users.phone, users.organization, users.bank_name, users.bank_account_number, users.password_hash, users.created_at, users.updated_at 
FROM users 
WHERE users.email = %(email_1)s]
[parameters: {'email_1': 'ewherheakpesiri+9@gmail.com'}]
(Background on this error at: https://sqlalche.me/e/20/f405)
2026-09-09 11:25:59,825 - INFO - event_ticketing - POST /auth/register -> 500 (225.8ms)
2026-09-09 11:26:09,084 - ERROR - event_ticketing - Database error on POST /auth/register: (psycopg2.errors.UndefinedColumn) column users.phone does not exist
LINE 1: ...l, users.first_name, users.last_name, users.role, users.phon...
                                                             ^

[SQL: SELECT users.uuid, users.email, users.first_name, users.last_name, users.role, users.phone, users.organization, users.bank_name, users.bank_account_number, users.password_hash, users.created_at, users.updated_at 
FROM users 
WHERE users.email = %(email_1)s]
[parameters: {'email_1': 'ewherheakpesiri+9@gmail.com'}]
(Background on this error at: https://sqlalche.me/e/20/f405)
Traceback (most recent call last):
  File "/Users/ewherheakpesir/Documents/Evvent-api/.venv/lib/python3.14/site-packages/sqlalchemy/engine/base.py", line 1969, in _exec_single_context
    self.dialect.do_execute(
    ~~~~~~~~~~~~~~~~~~~~~~~^
        cursor, str_statement, effective_parameters, context
        ^^^^^^^^^^^^^^^^^^^^^^^^^^^^^^^^^^^^^^^^^^^^^^^^^^^^
    )
    ^
  File "/Users/ewherheakpesir/Documents/Evvent-api/.venv/lib/python3.14/site-packages/sqlalchemy/engine/default.py", line 952, in do_execute
    cursor.execute(statement, parameters)
    ~~~~~~~~~~~~~~^^^^^^^^^^^^^^^^^^^^^^^
psycopg2.errors.UndefinedColumn: column users.phone does not exist
LINE 1: ...l, users.first_name, users.last_name, users.role, users.phon...
                                                             ^


The above exception was the direct cause of the following exception:

Traceback (most recent call last):
  File "/Users/ewherheakpesir/Documents/Evvent-api/.venv/lib/python3.14/site-packages/starlette/_exception_handler.py", line 42, in wrapped_app
    await app(scope, receive, sender)
  File "/Users/ewherheakpesir/Documents/Evvent-api/.venv/lib/python3.14/site-packages/fastapi/routing.py", line 144, in app
    response = await f(request)
               ^^^^^^^^^^^^^^^^
  File "/Users/ewherheakpesir/Documents/Evvent-api/.venv/lib/python3.14/site-packages/fastapi/routing.py", line 706, in app
    raw_response = await run_endpoint_function(
                   ^^^^^^^^^^^^^^^^^^^^^^^^^^^^
    ...<3 lines>...
    )
    ^
  File "/Users/ewherheakpesir/Documents/Evvent-api/.venv/lib/python3.14/site-packages/fastapi/routing.py", line 354, in run_endpoint_function
    return await run_in_threadpool(dependant.call, **values)
           ^^^^^^^^^^^^^^^^^^^^^^^^^^^^^^^^^^^^^^^^^^^^^^^^^
  File "/Users/ewherheakpesir/Documents/Evvent-api/.venv/lib/python3.14/site-packages/starlette/concurrency.py", line 34, in run_in_threadpool
    return await anyio.to_thread.run_sync(func)
           ^^^^^^^^^^^^^^^^^^^^^^^^^^^^^^^^^^^^
  File "/Users/ewherheakpesir/Documents/Evvent-api/.venv/lib/python3.14/site-packages/anyio/to_thread.py", line 65, in run_sync
    return await get_async_backend().run_sync_in_worker_thread(
           ^^^^^^^^^^^^^^^^^^^^^^^^^^^^^^^^^^^^^^^^^^^^^^^^^^^^
        func, args, abandon_on_cancel=abandon_on_cancel, limiter=limiter
        ^^^^^^^^^^^^^^^^^^^^^^^^^^^^^^^^^^^^^^^^^^^^^^^^^^^^^^^^^^^^^^^^
    )
    ^
  File "/Users/ewherheakpesir/Documents/Evvent-api/.venv/lib/python3.14/site-packages/anyio/_backends/_asyncio.py", line 2641, in run_sync_in_worker_thread
    return await future
           ^^^^^^^^^^^^
  File "/Users/ewherheakpesir/Documents/Evvent-api/.venv/lib/python3.14/site-packages/anyio/_backends/_asyncio.py", line 1033, in run
    result = context.run(func, *args)
  File "/Users/ewherheakpesir/Documents/Evvent-api/auth/controller.py", line 30, in register
    user = register_user(session, **data.model_dump())
  File "/Users/ewherheakpesir/Documents/Evvent-api/auth/services.py", line 38, in register_user
    if session.exec(select(User).where(User.email == email)).first():
       ~~~~~~~~~~~~^^^^^^^^^^^^^^^^^^^^^^^^^^^^^^^^^^^^^^^^^
  File "/Users/ewherheakpesir/Documents/Evvent-api/.venv/lib/python3.14/site-packages/sqlmodel/orm/session.py", line 75, in exec
    results = super().execute(
        statement,
    ...<4 lines>...
        _add_event=_add_event,
    )
  File "/Users/ewherheakpesir/Documents/Evvent-api/.venv/lib/python3.14/site-packages/sqlalchemy/orm/session.py", line 2373, in execute
    return self._execute_internal(
           ~~~~~~~~~~~~~~~~~~~~~~^
        statement,
        ^^^^^^^^^^
    ...<4 lines>...
        _add_event=_add_event,
        ^^^^^^^^^^^^^^^^^^^^^^
    )
    ^
  File "/Users/ewherheakpesir/Documents/Evvent-api/.venv/lib/python3.14/site-packages/sqlalchemy/orm/session.py", line 2271, in _execute_internal
    result: Result[Any] = compile_state_cls.orm_execute_statement(
                          ~~~~~~~~~~~~~~~~~~~~~~~~~~~~~~~~~~~~~~~^
        self,
        ^^^^^
    ...<4 lines>...
        conn,
        ^^^^^
    )
    ^
  File "/Users/ewherheakpesir/Documents/Evvent-api/.venv/lib/python3.14/site-packages/sqlalchemy/orm/context.py", line 306, in orm_execute_statement
    result = conn.execute(
        statement, params or {}, execution_options=execution_options
    )
  File "/Users/ewherheakpesir/Documents/Evvent-api/.venv/lib/python3.14/site-packages/sqlalchemy/engine/base.py", line 1421, in execute
    return meth(
        self,
        distilled_parameters,
        execution_options or NO_OPTIONS,
    )
  File "/Users/ewherheakpesir/Documents/Evvent-api/.venv/lib/python3.14/site-packages/sqlalchemy/sql/elements.py", line 526, in _execute_on_connection
    return connection._execute_clauseelement(
           ~~~~~~~~~~~~~~~~~~~~~~~~~~~~~~~~~^
        self, distilled_params, execution_options
        ^^^^^^^^^^^^^^^^^^^^^^^^^^^^^^^^^^^^^^^^^
    )
    ^
  File "/Users/ewherheakpesir/Documents/Evvent-api/.venv/lib/python3.14/site-packages/sqlalchemy/engine/base.py", line 1643, in _execute_clauseelement
    ret = self._execute_context(
        dialect,
    ...<8 lines>...
        cache_hit=cache_hit,
    )
  File "/Users/ewherheakpesir/Documents/Evvent-api/.venv/lib/python3.14/site-packages/sqlalchemy/engine/base.py", line 1848, in _execute_context
    return self._exec_single_context(
           ~~~~~~~~~~~~~~~~~~~~~~~~~^
        dialect, context, statement, parameters
        ^^^^^^^^^^^^^^^^^^^^^^^^^^^^^^^^^^^^^^^
    )
    ^
  File "/Users/ewherheakpesir/Documents/Evvent-api/.venv/lib/python3.14/site-packages/sqlalchemy/engine/base.py", line 1988, in _exec_single_context
    self._handle_dbapi_exception(
    ~~~~~~~~~~~~~~~~~~~~~~~~~~~~^
        e, str_statement, effective_parameters, cursor, context
        ^^^^^^^^^^^^^^^^^^^^^^^^^^^^^^^^^^^^^^^^^^^^^^^^^^^^^^^
    )
    ^
  File "/Users/ewherheakpesir/Documents/Evvent-api/.venv/lib/python3.14/site-packages/sqlalchemy/engine/base.py", line 2365, in _handle_dbapi_exception
    raise sqlalchemy_exception.with_traceback(exc_info[2]) from e
  File "/Users/ewherheakpesir/Documents/Evvent-api/.venv/lib/python3.14/site-packages/sqlalchemy/engine/base.py", line 1969, in _exec_single_context
    self.dialect.do_execute(
    ~~~~~~~~~~~~~~~~~~~~~~~^
        cursor, str_statement, effective_parameters, context
        ^^^^^^^^^^^^^^^^^^^^^^^^^^^^^^^^^^^^^^^^^^^^^^^^^^^^
    )
    ^
  File "/Users/ewherheakpesir/Documents/Evvent-api/.venv/lib/python3.14/site-packages/sqlalchemy/engine/default.py", line 952, in do_execute
    cursor.execute(statement, parameters)
    ~~~~~~~~~~~~~~^^^^^^^^^^^^^^^^^^^^^^^
sqlalchemy.exc.ProgrammingError: (psycopg2.errors.UndefinedColumn) column users.phone does not exist
LINE 1: ...l, users.first_name, users.last_name, users.role, users.phon...
                                                             ^

[SQL: SELECT users.uuid, users.email, users.first_name, users.last_name, users.role, users.phone, users.organization, users.bank_name, users.bank_account_number, users.password_hash, users.created_at, users.updated_at 
FROM users 
WHERE users.email = %(email_1)s]
[parameters: {'email_1': 'ewherheakpesiri+9@gmail.com'}]
(Background on this error at: https://sqlalche.me/e/20/f405)
2026-09-09 11:26:09,105 - INFO - event_ticketing - POST /auth/register -> 500 (27.6ms)
2026-09-09 11:27:24,076 - ERROR - event_ticketing - Database error on POST /auth/register: (psycopg2.errors.UndefinedColumn) column users.phone does not exist
LINE 1: ...l, users.first_name, users.last_name, users.role, users.phon...
                                                             ^

[SQL: SELECT users.uuid, users.email, users.first_name, users.last_name, users.role, users.phone, users.organization, users.bank_name, users.bank_account_number, users.password_hash, users.created_at, users.updated_at 
FROM users 
WHERE users.email = %(email_1)s]
[parameters: {'email_1': 'ewherheakpesiri+9@gmail.com'}]
(Background on this error at: https://sqlalche.me/e/20/f405)
Traceback (most recent call last):
  File "/Users/ewherheakpesir/Documents/Evvent-api/.venv/lib/python3.14/site-packages/sqlalchemy/engine/base.py", line 1969, in _exec_single_context
    self.dialect.do_execute(
    ~~~~~~~~~~~~~~~~~~~~~~~^
        cursor, str_statement, effective_parameters, context
        ^^^^^^^^^^^^^^^^^^^^^^^^^^^^^^^^^^^^^^^^^^^^^^^^^^^^
    )
    ^
  File "/Users/ewherheakpesir/Documents/Evvent-api/.venv/lib/python3.14/site-packages/sqlalchemy/engine/default.py", line 952, in do_execute
    cursor.execute(statement, parameters)
    ~~~~~~~~~~~~~~^^^^^^^^^^^^^^^^^^^^^^^
psycopg2.errors.UndefinedColumn: column users.phone does not exist
LINE 1: ...l, users.first_name, users.last_name, users.role, users.phon...
                                                             ^


The above exception was the direct cause of the following exception:

Traceback (most recent call last):
  File "/Users/ewherheakpesir/Documents/Evvent-api/.venv/lib/python3.14/site-packages/starlette/_exception_handler.py", line 42, in wrapped_app
    await app(scope, receive, sender)
  File "/Users/ewherheakpesir/Documents/Evvent-api/.venv/lib/python3.14/site-packages/fastapi/routing.py", line 144, in app
    response = await f(request)
               ^^^^^^^^^^^^^^^^
  File "/Users/ewherheakpesir/Documents/Evvent-api/.venv/lib/python3.14/site-packages/fastapi/routing.py", line 706, in app
    raw_response = await run_endpoint_function(
                   ^^^^^^^^^^^^^^^^^^^^^^^^^^^^
    ...<3 lines>...
    )
    ^
  File "/Users/ewherheakpesir/Documents/Evvent-api/.venv/lib/python3.14/site-packages/fastapi/routing.py", line 354, in run_endpoint_function
    return await run_in_threadpool(dependant.call, **values)
           ^^^^^^^^^^^^^^^^^^^^^^^^^^^^^^^^^^^^^^^^^^^^^^^^^
  File "/Users/ewherheakpesir/Documents/Evvent-api/.venv/lib/python3.14/site-packages/starlette/concurrency.py", line 34, in run_in_threadpool
    return await anyio.to_thread.run_sync(func)
           ^^^^^^^^^^^^^^^^^^^^^^^^^^^^^^^^^^^^
  File "/Users/ewherheakpesir/Documents/Evvent-api/.venv/lib/python3.14/site-packages/anyio/to_thread.py", line 65, in run_sync
    return await get_async_backend().run_sync_in_worker_thread(
           ^^^^^^^^^^^^^^^^^^^^^^^^^^^^^^^^^^^^^^^^^^^^^^^^^^^^
        func, args, abandon_on_cancel=abandon_on_cancel, limiter=limiter
        ^^^^^^^^^^^^^^^^^^^^^^^^^^^^^^^^^^^^^^^^^^^^^^^^^^^^^^^^^^^^^^^^
    )
    ^
  File "/Users/ewherheakpesir/Documents/Evvent-api/.venv/lib/python3.14/site-packages/anyio/_backends/_asyncio.py", line 2641, in run_sync_in_worker_thread
    return await future
           ^^^^^^^^^^^^
  File "/Users/ewherheakpesir/Documents/Evvent-api/.venv/lib/python3.14/site-packages/anyio/_backends/_asyncio.py", line 1033, in run
    result = context.run(func, *args)
  File "/Users/ewherheakpesir/Documents/Evvent-api/auth/controller.py", line 30, in register
    user = register_user(session, **data.model_dump())
  File "/Users/ewherheakpesir/Documents/Evvent-api/auth/services.py", line 38, in register_user
    if session.exec(select(User).where(User.email == email)).first():
       ~~~~~~~~~~~~^^^^^^^^^^^^^^^^^^^^^^^^^^^^^^^^^^^^^^^^^
  File "/Users/ewherheakpesir/Documents/Evvent-api/.venv/lib/python3.14/site-packages/sqlmodel/orm/session.py", line 75, in exec
    results = super().execute(
        statement,
    ...<4 lines>...
        _add_event=_add_event,
    )
  File "/Users/ewherheakpesir/Documents/Evvent-api/.venv/lib/python3.14/site-packages/sqlalchemy/orm/session.py", line 2373, in execute
    return self._execute_internal(
           ~~~~~~~~~~~~~~~~~~~~~~^
        statement,
        ^^^^^^^^^^
    ...<4 lines>...
        _add_event=_add_event,
        ^^^^^^^^^^^^^^^^^^^^^^
    )
    ^
  File "/Users/ewherheakpesir/Documents/Evvent-api/.venv/lib/python3.14/site-packages/sqlalchemy/orm/session.py", line 2271, in _execute_internal
    result: Result[Any] = compile_state_cls.orm_execute_statement(
                          ~~~~~~~~~~~~~~~~~~~~~~~~~~~~~~~~~~~~~~~^
        self,
        ^^^^^
    ...<4 lines>...
        conn,
        ^^^^^
    )
    ^
  File "/Users/ewherheakpesir/Documents/Evvent-api/.venv/lib/python3.14/site-packages/sqlalchemy/orm/context.py", line 306, in orm_execute_statement
    result = conn.execute(
        statement, params or {}, execution_options=execution_options
    )
  File "/Users/ewherheakpesir/Documents/Evvent-api/.venv/lib/python3.14/site-packages/sqlalchemy/engine/base.py", line 1421, in execute
    return meth(
        self,
        distilled_parameters,
        execution_options or NO_OPTIONS,
    )
  File "/Users/ewherheakpesir/Documents/Evvent-api/.venv/lib/python3.14/site-packages/sqlalchemy/sql/elements.py", line 526, in _execute_on_connection
    return connection._execute_clauseelement(
           ~~~~~~~~~~~~~~~~~~~~~~~~~~~~~~~~~^
        self, distilled_params, execution_options
        ^^^^^^^^^^^^^^^^^^^^^^^^^^^^^^^^^^^^^^^^^
    )
    ^
  File "/Users/ewherheakpesir/Documents/Evvent-api/.venv/lib/python3.14/site-packages/sqlalchemy/engine/base.py", line 1643, in _execute_clauseelement
    ret = self._execute_context(
        dialect,
    ...<8 lines>...
        cache_hit=cache_hit,
    )
  File "/Users/ewherheakpesir/Documents/Evvent-api/.venv/lib/python3.14/site-packages/sqlalchemy/engine/base.py", line 1848, in _execute_context
    return self._exec_single_context(
           ~~~~~~~~~~~~~~~~~~~~~~~~~^
        dialect, context, statement, parameters
        ^^^^^^^^^^^^^^^^^^^^^^^^^^^^^^^^^^^^^^^
    )
    ^
  File "/Users/ewherheakpesir/Documents/Evvent-api/.venv/lib/python3.14/site-packages/sqlalchemy/engine/base.py", line 1988, in _exec_single_context
    self._handle_dbapi_exception(
    ~~~~~~~~~~~~~~~~~~~~~~~~~~~~^
        e, str_statement, effective_parameters, cursor, context
        ^^^^^^^^^^^^^^^^^^^^^^^^^^^^^^^^^^^^^^^^^^^^^^^^^^^^^^^
    )
    ^
  File "/Users/ewherheakpesir/Documents/Evvent-api/.venv/lib/python3.14/site-packages/sqlalchemy/engine/base.py", line 2365, in _handle_dbapi_exception
    raise sqlalchemy_exception.with_traceback(exc_info[2]) from e
  File "/Users/ewherheakpesir/Documents/Evvent-api/.venv/lib/python3.14/site-packages/sqlalchemy/engine/base.py", line 1969, in _exec_single_context
    self.dialect.do_execute(
    ~~~~~~~~~~~~~~~~~~~~~~~^
        cursor, str_statement, effective_parameters, context
        ^^^^^^^^^^^^^^^^^^^^^^^^^^^^^^^^^^^^^^^^^^^^^^^^^^^^
    )
    ^
  File "/Users/ewherheakpesir/Documents/Evvent-api/.venv/lib/python3.14/site-packages/sqlalchemy/engine/default.py", line 952, in do_execute
    cursor.execute(statement, parameters)
    ~~~~~~~~~~~~~~^^^^^^^^^^^^^^^^^^^^^^^
sqlalchemy.exc.ProgrammingError: (psycopg2.errors.UndefinedColumn) column users.phone does not exist
LINE 1: ...l, users.first_name, users.last_name, users.role, users.phon...
                                                             ^

[SQL: SELECT users.uuid, users.email, users.first_name, users.last_name, users.role, users.phone, users.organization, users.bank_name, users.bank_account_number, users.password_hash, users.created_at, users.updated_at 
FROM users 
WHERE users.email = %(email_1)s]
[parameters: {'email_1': 'ewherheakpesiri+9@gmail.com'}]
(Background on this error at: https://sqlalche.me/e/20/f405)
2026-09-09 11:27:24,095 - INFO - event_ticketing - POST /auth/register -> 500 (64.7ms)
2026-09-09 11:30:31,948 - INFO - event_ticketing - Application shutdown
2026-09-09 11:30:47,538 - INFO - event_ticketing - Application startup complete
2026-09-09 11:30:47,727 - INFO - event_ticketing - Application shutdown
2026-09-09 11:31:00,553 - INFO - event_ticketing - Application startup complete
2026-09-09 11:31:00,661 - INFO - event_ticketing - Application shutdown
2026-09-09 11:31:09,742 - INFO - event_ticketing - Application startup complete
2026-09-09 11:31:29,377 - INFO - event_ticketing - GET /auth/ -> 200 (92.0ms)
2026-09-09 11:34:11,543 - INFO - event_ticketing - Registered new UserRole.user ad2f7d44-8f91-488b-b81b-801fd8c75c5c (ewherheakpesiri+9@gmail.com)
2026-09-09 11:34:11,576 - INFO - event_ticketing - POST /auth/register -> 201 (724.7ms)
2026-09-09 11:34:11,579 - WARNING - event_ticketing - SMTP_HOST not configured; skipping welcome email to ewherheakpesiri+9@gmail.com
2026-09-09 11:47:35,054 - INFO - event_ticketing - User ad2f7d44-8f91-488b-b81b-801fd8c75c5c (ewherheakpesiri+9@gmail.com) logged in
2026-09-09 11:47:35,068 - INFO - event_ticketing - POST /auth/login -> 200 (362.4ms)
2026-09-09 11:51:02,710 - INFO - event_ticketing - Password reset requested for ewherheakpesiri+9@gmail.com (token issued: True)
2026-09-09 11:51:02,713 - INFO - event_ticketing - POST /auth/forgot-password -> 200 (60.9ms)
2026-09-09 11:52:21,263 - INFO - event_ticketing - Application shutdown
2026-09-09 11:52:26,865 - INFO - event_ticketing - Application startup complete
2026-09-09 11:53:28,308 - INFO - event_ticketing - Application shutdown
2026-09-09 11:53:35,311 - INFO - event_ticketing - Application startup complete
2026-09-09 11:53:41,148 - INFO - event_ticketing - Application shutdown
2026-09-09 11:53:45,558 - INFO - event_ticketing - Application startup complete
2026-09-09 11:53:45,768 - INFO - event_ticketing - Application shutdown
2026-09-09 11:53:52,252 - INFO - event_ticketing - Application startup complete
2026-09-09 11:53:53,372 - INFO - event_ticketing - Application shutdown
2026-09-09 11:53:58,162 - INFO - event_ticketing - Application startup complete
2026-09-09 11:54:21,300 - INFO - event_ticketing - GET /auth/ -> 200 (30.8ms)
2026-09-09 12:01:00,623 - INFO - event_ticketing - Application shutdown
2026-09-09 12:01:06,037 - INFO - event_ticketing - Application startup complete
2026-09-09 12:01:12,937 - INFO - event_ticketing - Password reset requested for ewherheakpesiri+9@gmail.com (token issued: True)
2026-09-09 12:01:12,957 - INFO - event_ticketing - POST /auth/forgot-password -> 200 (289.4ms)
2026-09-09 12:01:17,230 - ERROR - event_ticketing - Failed to send password reset email to ewherheakpesiri+9@gmail.com
Traceback (most recent call last):
  File "/Users/ewherheakpesir/Documents/Evvent-api/utils/email.py", line 74, in _send
    smtp.send_message(message)
    ~~~~~~~~~~~~~~~~~^^^^^^^^^
  File "/Library/Frameworks/Python.framework/Versions/3.14/lib/python3.14/smtplib.py", line 987, in send_message
    return self.sendmail(from_addr, to_addrs, flatmsg, mail_options,
           ~~~~~~~~~~~~~^^^^^^^^^^^^^^^^^^^^^^^^^^^^^^^^^^^^^^^^^^^^
                         rcpt_options)
                         ^^^^^^^^^^^^^
  File "/Library/Frameworks/Python.framework/Versions/3.14/lib/python3.14/smtplib.py", line 888, in sendmail
    raise SMTPSenderRefused(code, resp, from_addr)
smtplib.SMTPSenderRefused: (530, b'5.7.1 Authentication required', 'no-reply@evvent.com')
2026-09-09 12:10:00,785 - INFO - event_ticketing - Application shutdown
2026-09-09 12:10:08,619 - INFO - event_ticketing - Application startup complete
2026-09-09 12:10:12,808 - INFO - event_ticketing - Application shutdown
2026-09-09 12:10:20,884 - INFO - event_ticketing - Application startup complete
2026-09-09 12:10:25,422 - INFO - event_ticketing - GET /auth/ -> 200 (25.8ms)
2026-09-09 12:14:44,968 - INFO - event_ticketing - Application shutdown
2026-09-10 10:26:14,906 - INFO - event_ticketing - Application startup complete
2026-09-10 10:30:56,451 - INFO - event_ticketing - Registered new UserRole.user cc1c738b-822d-4fa1-9f0a-2b4bad3d37fc (ewherheakpesiri+12@gmail.com)
2026-09-10 10:30:56,466 - INFO - event_ticketing - POST /auth/register -> 201 (645.2ms)
2026-09-10 10:31:00,695 - ERROR - event_ticketing - Failed to send welcome email to ewherheakpesiri+12@gmail.com
Traceback (most recent call last):
  File "/Users/ewherheakpesir/Documents/Evvent-api/utils/email.py", line 73, in _send
    smtp.login(settings.SMTP_USERNAME, settings.SMTP_PASSWORD)
    ~~~~~~~~~~^^^^^^^^^^^^^^^^^^^^^^^^^^^^^^^^^^^^^^^^^^^^^^^^
  File "/Library/Frameworks/Python.framework/Versions/3.14/lib/python3.14/smtplib.py", line 751, in login
    (code, resp) = self.auth(
                   ~~~~~~~~~^
        authmethod, getattr(self, method_name),
        ^^^^^^^^^^^^^^^^^^^^^^^^^^^^^^^^^^^^^^^
        initial_response_ok=initial_response_ok)
        ^^^^^^^^^^^^^^^^^^^^^^^^^^^^^^^^^^^^^^^^
  File "/Library/Frameworks/Python.framework/Versions/3.14/lib/python3.14/smtplib.py", line 649, in auth
    (code, resp) = self.docmd("AUTH", mechanism + " " + response)
                   ~~~~~~~~~~^^^^^^^^^^^^^^^^^^^^^^^^^^^^^^^^^^^^
  File "/Library/Frameworks/Python.framework/Versions/3.14/lib/python3.14/smtplib.py", line 439, in docmd
    return self.getreply()
           ~~~~~~~~~~~~~^^
  File "/Library/Frameworks/Python.framework/Versions/3.14/lib/python3.14/smtplib.py", line 412, in getreply
    raise SMTPServerDisconnected("Connection unexpectedly closed")
smtplib.SMTPServerDisconnected: Connection unexpectedly closed
2026-09-10 10:39:51,229 - INFO - event_ticketing - Registered new UserRole.user 94bedeac-24e9-40d5-b959-03e8c5b9f298 (ewherheakpesiri+44@gmail.com)
2026-09-10 10:39:51,240 - INFO - event_ticketing - POST /auth/register -> 201 (313.8ms)
2026-09-10 10:39:54,548 - ERROR - event_ticketing - Failed to send welcome email to ewherheakpesiri+44@gmail.com
Traceback (most recent call last):
  File "/Users/ewherheakpesir/Documents/Evvent-api/utils/email.py", line 73, in _send
    smtp.login(settings.SMTP_USERNAME, settings.SMTP_PASSWORD)
    ~~~~~~~~~~^^^^^^^^^^^^^^^^^^^^^^^^^^^^^^^^^^^^^^^^^^^^^^^^
  File "/Library/Frameworks/Python.framework/Versions/3.14/lib/python3.14/smtplib.py", line 751, in login
    (code, resp) = self.auth(
                   ~~~~~~~~~^
        authmethod, getattr(self, method_name),
        ^^^^^^^^^^^^^^^^^^^^^^^^^^^^^^^^^^^^^^^
        initial_response_ok=initial_response_ok)
        ^^^^^^^^^^^^^^^^^^^^^^^^^^^^^^^^^^^^^^^^
  File "/Library/Frameworks/Python.framework/Versions/3.14/lib/python3.14/smtplib.py", line 649, in auth
    (code, resp) = self.docmd("AUTH", mechanism + " " + response)
                   ~~~~~~~~~~^^^^^^^^^^^^^^^^^^^^^^^^^^^^^^^^^^^^
  File "/Library/Frameworks/Python.framework/Versions/3.14/lib/python3.14/smtplib.py", line 439, in docmd
    return self.getreply()
           ~~~~~~~~~~~~~^^
  File "/Library/Frameworks/Python.framework/Versions/3.14/lib/python3.14/smtplib.py", line 412, in getreply
    raise SMTPServerDisconnected("Connection unexpectedly closed")
smtplib.SMTPServerDisconnected: Connection unexpectedly closed
2026-09-10 10:53:09,434 - INFO - event_ticketing - Application shutdown
2026-09-10 10:53:18,093 - INFO - event_ticketing - Application startup complete
2026-09-10 10:53:18,204 - INFO - event_ticketing - Application shutdown
2026-09-10 10:59:56,358 - INFO - event_ticketing - Application startup complete
2026-09-10 10:59:56,470 - INFO - event_ticketing - Application shutdown
2026-09-10 11:00:00,127 - INFO - event_ticketing - Application startup complete
2026-09-10 11:00:34,999 - INFO - event_ticketing - Application shutdown
2026-09-10 11:00:45,340 - INFO - event_ticketing - Application startup complete
2026-09-10 11:00:45,447 - INFO - event_ticketing - Application shutdown
2026-09-10 11:00:54,888 - INFO - event_ticketing - Application startup complete
2026-09-10 11:00:54,994 - INFO - event_ticketing - Application shutdown
2026-09-10 11:06:11,081 - INFO - event_ticketing - Application startup complete
2026-09-10 11:06:11,192 - INFO - event_ticketing - Application shutdown
2026-09-10 11:06:13,135 - INFO - event_ticketing - Application startup complete
2026-09-10 11:08:02,975 - INFO - event_ticketing - Application shutdown
2026-09-10 11:11:03,751 - INFO - event_ticketing - Application startup complete
2026-09-10 11:11:30,784 - INFO - event_ticketing - Registered new UserRole.user 8ab9317d-af32-4a28-bdf4-18db85e99a6c (ewherheakpesiri+46@gmail.com)
2026-09-10 11:11:30,797 - INFO - event_ticketing - POST /auth/register -> 201 (427.4ms)
2026-09-10 11:11:31,794 - ERROR - event_ticketing - Failed to send welcome email to ewherheakpesiri+46@gmail.com
Traceback (most recent call last):
  File "/Users/ewherheakpesir/Documents/Evvent-api/utils/email.py", line 80, in _send
    smtp.eclo()
    ^^^^^^^^^
AttributeError: 'SMTP' object has no attribute 'eclo'. Did you mean: 'ehlo'?
2026-09-10 11:12:12,261 - INFO - event_ticketing - Application shutdown
2026-09-10 11:12:16,787 - INFO - event_ticketing - Application startup complete
2026-09-10 11:12:23,104 - INFO - event_ticketing - Application shutdown
2026-09-10 11:12:28,121 - INFO - event_ticketing - Application startup complete
2026-09-10 11:13:05,483 - INFO - event_ticketing - Registered new UserRole.user da9f357e-bd79-47f5-be38-4a39d6933f87 (ewherheakpesiri+86@gmail.com)
2026-09-10 11:13:05,485 - INFO - event_ticketing - POST /auth/register -> 201 (433.3ms)
2026-09-10 11:13:08,374 - ERROR - event_ticketing - Failed to send welcome email to ewherheakpesiri+86@gmail.com
Traceback (most recent call last):
  File "/Users/ewherheakpesir/Documents/Evvent-api/utils/email.py", line 86, in _send
    smtp.login(
    ~~~~~~~~~~^
            settings.SMTP_USERNAME,
            ^^^^^^^^^^^^^^^^^^^^^^^
            settings.SMTP_PASSWORD,
            ^^^^^^^^^^^^^^^^^^^^^^^
        )
        ^
  File "/Library/Frameworks/Python.framework/Versions/3.14/lib/python3.14/smtplib.py", line 751, in login
    (code, resp) = self.auth(
                   ~~~~~~~~~^
        authmethod, getattr(self, method_name),
        ^^^^^^^^^^^^^^^^^^^^^^^^^^^^^^^^^^^^^^^
        initial_response_ok=initial_response_ok)
        ^^^^^^^^^^^^^^^^^^^^^^^^^^^^^^^^^^^^^^^^
  File "/Library/Frameworks/Python.framework/Versions/3.14/lib/python3.14/smtplib.py", line 652, in auth
    (code, resp) = self.docmd("AUTH", mechanism)
                   ~~~~~~~~~~^^^^^^^^^^^^^^^^^^^
  File "/Library/Frameworks/Python.framework/Versions/3.14/lib/python3.14/smtplib.py", line 438, in docmd
    self.putcmd(cmd, args)
    ~~~~~~~~~~~^^^^^^^^^^^
  File "/Library/Frameworks/Python.framework/Versions/3.14/lib/python3.14/smtplib.py", line 385, in putcmd
    self.send(f'{s}{CRLF}')
    ~~~~~~~~~^^^^^^^^^^^^^^
  File "/Library/Frameworks/Python.framework/Versions/3.14/lib/python3.14/smtplib.py", line 372, in send
    raise SMTPServerDisconnected('please run connect() first')
smtplib.SMTPServerDisconnected: please run connect() first
2026-09-10 11:14:46,975 - INFO - event_ticketing - Application shutdown
2026-09-10 11:14:53,162 - INFO - event_ticketing - Application startup complete
2026-09-10 11:15:28,734 - INFO - event_ticketing - Registered new UserRole.user ed605154-b61c-4a99-8e21-10358a695a4a (ewherheakpesiri+96@gmail.com)
2026-09-10 11:15:28,742 - INFO - event_ticketing - POST /auth/register -> 201 (554.5ms)
2026-09-10 11:15:33,983 - INFO - event_ticketing - welcome email sent to ewherheakpesiri+96@gmail.com
2026-09-10 11:32:51,723 - INFO - event_ticketing - Application shutdown
2026-09-16 10:38:25,400 - INFO - event_ticketing - Application startup complete
2026-09-16 10:58:03,977 - WARNING - event_ticketing - Failed login attempt for ewherheakpesiri+14@gmail.com
2026-09-16 10:58:03,991 - INFO - event_ticketing - POST /auth/login -> 401 (1264.7ms)
2026-09-16 11:01:34,491 - INFO - event_ticketing - Registered new UserRole.organizer 8901df53-e3fe-48d9-b968-f0194f0e9eda (ewherheakpesiri+80@gmail.com)
2026-09-16 11:01:34,518 - INFO - event_ticketing - POST /auth/register -> 201 (1111.7ms)
2026-09-16 11:01:39,096 - INFO - event_ticketing - welcome email sent to ewherheakpesiri+80@gmail.com
2026-09-18 16:20:18,171 - INFO - event_ticketing - Application startup complete
2026-09-18 16:20:31,835 - INFO - event_ticketing - POST /auth/admin/register -> 401 (69.2ms)
2026-09-18 16:21:57,411 - INFO - event_ticketing - Bootstrapped first admin 5716c754-e4e1-4548-b98d-0a9ab826768c (ewherheakpesiri+10@gmail.com)
2026-09-18 16:21:57,423 - INFO - event_ticketing - POST /auth/admin/bootstrap -> 201 (995.9ms)
2026-09-18 16:27:32,759 - INFO - event_ticketing - POST /auth/admin/register -> 401 (16.5ms)
2026-09-18 16:27:40,460 - INFO - event_ticketing - POST /auth/admin/register -> 401 (4.1ms)
2026-09-21 15:11:30,005 - INFO - event_ticketing - Application startup complete
2026-09-21 15:11:37,409 - INFO - event_ticketing - GET / -> 200 (439.0ms)
2026-09-21 15:11:37,612 - INFO - event_ticketing - GET /favicon.ico -> 404 (19.3ms)
2026-09-21 15:11:41,354 - INFO - event_ticketing - GET /docs -> 200 (1.0ms)
2026-09-21 15:11:43,718 - INFO - event_ticketing - GET /openapi.json -> 200 (568.8ms)
2026-09-21 15:34:38,388 - INFO - event_ticketing - Application shutdown
2026-09-21 15:34:49,499 - INFO - event_ticketing - Application startup complete
2026-09-21 15:35:45,660 - INFO - event_ticketing - POST /events/admin/ -> 404 (232.9ms)
2026-09-21 15:35:58,260 - INFO - event_ticketing - POST /events/ -> 422 (12.9ms)
2026-09-21 15:36:29,258 - INFO - event_ticketing - POST /events/ -> 422 (2.7ms)
2026-09-21 15:38:07,345 - INFO - event_ticketing - POST /events/ -> 401 (11.1ms)
2026-09-21 15:38:28,526 - INFO - event_ticketing - POST /events/ -> 401 (4.2ms)
2026-09-21 15:38:31,783 - INFO - event_ticketing - POST /events/ -> 401 (4.9ms)
2026-09-21 15:40:51,137 - WARNING - event_ticketing - Failed login attempt for ewherheakpesiri+10@gmail.com
2026-09-21 15:40:51,154 - INFO - event_ticketing - POST /auth/login -> 401 (1843.4ms)
2026-09-21 15:41:25,074 - INFO - event_ticketing - User 5716c754-e4e1-4548-b98d-0a9ab826768c (ewherheakpesiri+10@gmail.com) logged in
2026-09-21 15:41:25,090 - INFO - event_ticketing - POST /auth/login -> 200 (334.6ms)
2026-09-21 15:48:14,701 - INFO - event_ticketing - User 5716c754-e4e1-4548-b98d-0a9ab826768c (ewherheakpesiri+10@gmail.com) logged in
2026-09-21 15:48:14,711 - INFO - event_ticketing - POST /auth/login -> 200 (271.9ms)
2026-09-21 15:53:35,047 - INFO - event_ticketing - Application shutdown
2026-09-21 15:53:46,473 - INFO - event_ticketing - Application startup complete
2026-09-21 16:35:17,651 - INFO - event_ticketing - Application shutdown
2026-09-21 16:35:27,561 - INFO - event_ticketing - Application startup complete
2026-09-21 16:35:42,012 - INFO - event_ticketing - Application shutdown
2026-09-21 16:35:47,561 - INFO - event_ticketing - Application startup complete
2026-09-21 16:35:58,531 - INFO - event_ticketing - Application shutdown
2026-09-21 16:36:03,142 - INFO - event_ticketing - Application startup complete
2026-09-21 16:36:12,705 - INFO - event_ticketing - Application shutdown
2026-09-21 16:36:19,387 - INFO - event_ticketing - Application startup complete
2026-09-21 16:38:23,108 - INFO - event_ticketing - Application shutdown
2026-09-21 16:38:30,131 - INFO - event_ticketing - Application startup complete
2026-09-21 16:38:32,163 - INFO - event_ticketing - Application shutdown
2026-09-21 16:38:37,022 - INFO - event_ticketing - Application startup complete
2026-09-21 16:39:53,468 - INFO - event_ticketing - Application shutdown
2026-09-21 16:43:21,067 - INFO - event_ticketing - Application startup complete
2026-09-21 16:43:21,179 - INFO - event_ticketing - Application shutdown
2026-09-21 16:43:40,790 - INFO - event_ticketing - Application startup complete
2026-09-21 16:43:40,895 - INFO - event_ticketing - Application shutdown
2026-09-21 16:44:08,116 - INFO - event_ticketing - Application startup complete
2026-09-21 16:44:08,244 - INFO - event_ticketing - Application shutdown
2026-09-21 16:44:16,839 - INFO - event_ticketing - Application startup complete
2026-09-21 16:44:16,965 - INFO - event_ticketing - Application shutdown
2026-09-21 16:45:35,064 - INFO - event_ticketing - Application startup complete
2026-09-21 16:45:35,185 - INFO - event_ticketing - Application shutdown
2026-09-21 16:45:47,999 - INFO - event_ticketing - Application startup complete
2026-09-21 16:45:48,111 - INFO - event_ticketing - Application shutdown
2026-09-21 16:46:09,206 - INFO - event_ticketing - Application startup complete
2026-09-21 16:46:09,343 - INFO - event_ticketing - Application shutdown
2026-09-21 16:46:17,411 - INFO - event_ticketing - Application startup complete
2026-09-21 16:46:19,701 - INFO - event_ticketing - Application shutdown
2026-09-21 16:46:42,450 - INFO - event_ticketing - Application startup complete
2026-09-21 16:46:42,558 - INFO - event_ticketing - Application shutdown
2026-09-21 16:46:53,839 - INFO - event_ticketing - Application startup complete
2026-09-21 16:46:53,994 - INFO - event_ticketing - Application shutdown
2026-09-21 16:47:03,951 - INFO - event_ticketing - Application startup complete
2026-09-21 16:47:04,146 - INFO - event_ticketing - Application shutdown
2026-09-21 16:47:31,003 - INFO - event_ticketing - Application startup complete
2026-09-21 16:47:31,239 - INFO - event_ticketing - Application shutdown
2026-09-21 16:47:40,452 - INFO - event_ticketing - Application startup complete
2026-09-21 16:47:40,559 - INFO - event_ticketing - Application shutdown
2026-09-21 16:48:00,602 - INFO - event_ticketing - Application startup complete
2026-09-21 16:48:00,711 - INFO - event_ticketing - Application shutdown
2026-09-21 16:48:12,312 - INFO - event_ticketing - Application startup complete
2026-09-21 16:48:12,415 - INFO - event_ticketing - Application shutdown
2026-09-21 16:48:42,005 - INFO - event_ticketing - Application startup complete
2026-09-21 16:48:42,110 - INFO - event_ticketing - Application shutdown
2026-09-21 16:48:45,995 - INFO - event_ticketing - Application startup complete
2026-09-21 16:48:54,730 - INFO - event_ticketing - Application shutdown
2026-09-21 16:49:10,547 - INFO - event_ticketing - Application startup complete
2026-09-21 16:49:10,698 - INFO - event_ticketing - Application shutdown
2026-09-21 16:49:21,591 - INFO - event_ticketing - Application startup complete
2026-09-21 16:49:21,703 - INFO - event_ticketing - Application shutdown
2026-09-21 16:50:53,881 - INFO - event_ticketing - Application startup complete
2026-09-21 16:50:54,142 - INFO - event_ticketing - Application shutdown
2026-09-21 16:51:06,406 - INFO - event_ticketing - Application startup complete
2026-09-21 16:51:06,523 - INFO - event_ticketing - Application shutdown
2026-09-21 16:51:18,165 - INFO - event_ticketing - Application startup complete
2026-09-21 16:51:18,298 - INFO - event_ticketing - Application shutdown
2026-09-21 16:51:24,540 - INFO - event_ticketing - Application startup complete
2026-09-23 16:56:26,166 - INFO - event_ticketing - Application startup complete
2026-09-23 16:56:31,936 - INFO - event_ticketing - Application shutdown
2026-09-23 16:56:38,699 - INFO - event_ticketing - Application startup complete
2026-09-23 16:56:56,578 - INFO - event_ticketing - Bootstrapped first admin 78ba24cd-3b00-49a6-b36f-08d469248c88 (a@example.com)
2026-09-23 16:56:56,675 - INFO - event_ticketing - POST /auth/admin/bootstrap -> 201 (1125.8ms)
2026-09-23 16:56:57,041 - INFO - event_ticketing - POST /auth/register -> 404 (340.7ms)
2026-09-23 16:56:57,493 - INFO - event_ticketing - Registered new UserRole.user 69e53610-a324-4d48-8bfd-f46e89dfb318 (u@example.com)
2026-09-23 16:56:57,494 - INFO - event_ticketing - POST /auth/register -> 201 (449.6ms)
2026-09-23 16:57:05,608 - INFO - event_ticketing - welcome email sent to u@example.com
2026-09-23 16:57:05,899 - INFO - event_ticketing - User 78ba24cd-3b00-49a6-b36f-08d469248c88 (a@example.com) logged in
2026-09-23 16:57:05,902 - INFO - event_ticketing - POST /auth/login -> 200 (288.8ms)
2026-09-23 16:57:05,921 - INFO - event_ticketing - GET /auth/protected -> 200 (13.5ms)
2026-09-23 16:57:05,935 - INFO - event_ticketing - GET /auth/organizer/test -> 200 (6.1ms)
2026-09-23 16:57:05,945 - WARNING - event_ticketing - User 78ba24cd-3b00-49a6-b36f-08d469248c88 with role UserRole.admin denied access
2026-09-23 16:57:05,948 - INFO - event_ticketing - GET /auth/organizer/dashboard -> 403 (7.2ms)
2026-09-23 16:57:06,044 - INFO - event_ticketing - GET /admin/dashboard -> 200 (88.5ms)
2026-09-23 16:57:06,070 - INFO - event_ticketing - GET /events/ -> 200 (21.7ms)
2026-09-23 16:57:06,081 - INFO - event_ticketing - GET /categories/ -> 200 (4.7ms)
2026-09-23 16:57:06,129 - INFO - event_ticketing - GET /bookings/me -> 200 (42.2ms)
2026-09-23 16:57:06,150 - INFO - event_ticketing - GET /events/recommended -> 200 (9.2ms)
2026-09-23 16:57:06,214 - INFO - event_ticketing - POST /auth/refresh -> 200 (41.5ms)
2026-09-23 16:57:06,228 - INFO - event_ticketing - POST /auth/refresh -> 401 (7.2ms)
2026-09-23 16:57:06,242 - INFO - event_ticketing - POST /auth/logout -> 200 (9.1ms)
2026-09-23 16:57:06,257 - INFO - event_ticketing - POST /auth/refresh -> 401 (10.0ms)
2026-09-23 16:57:06,436 - INFO - event_ticketing - Password reset requested for a@example.com (token issued: True)
2026-09-23 16:57:06,448 - INFO - event_ticketing - POST /auth/forgot-password -> 200 (173.2ms)
2026-09-23 16:57:11,569 - ERROR - event_ticketing - Failed to send password reset email to a@example.com
Traceback (most recent call last):
  File "/Users/ewherheakpesir/Documents/Evvent-api/utils/email.py", line 98, in _send
    smtp.send_message(message)
    ~~~~~~~~~~~~~~~~~^^^^^^^^^
  File "/Library/Frameworks/Python.framework/Versions/3.14/lib/python3.14/smtplib.py", line 987, in send_message
    return self.sendmail(from_addr, to_addrs, flatmsg, mail_options,
           ~~~~~~~~~~~~~^^^^^^^^^^^^^^^^^^^^^^^^^^^^^^^^^^^^^^^^^^^^
                         rcpt_options)
                         ^^^^^^^^^^^^^
  File "/Library/Frameworks/Python.framework/Versions/3.14/lib/python3.14/smtplib.py", line 903, in sendmail
    (code, resp) = self.data(msg)
                   ~~~~~~~~~^^^^^
  File "/Library/Frameworks/Python.framework/Versions/3.14/lib/python3.14/smtplib.py", line 578, in data
    raise SMTPDataError(code, repl)
smtplib.SMTPDataError: (550, b'5.7.0 Too many emails per second. Please upgrade your plan https://mailtrap.io/billing/plans/testing')
2026-09-23 16:57:11,861 - INFO - event_ticketing - User 78ba24cd-3b00-49a6-b36f-08d469248c88 (a@example.com) logged in
2026-09-23 16:57:11,863 - INFO - event_ticketing - POST /auth/login -> 200 (273.9ms)
2026-09-23 16:57:12,398 - INFO - event_ticketing - User 78ba24cd-3b00-49a6-b36f-08d469248c88 changed their password
2026-09-23 16:57:12,401 - INFO - event_ticketing - PATCH /auth/me/password -> 200 (533.5ms)
2026-09-23 16:57:12,415 - INFO - event_ticketing - POST /auth/refresh -> 401 (5.1ms)
2026-09-25 09:20:31,521 - INFO - event_ticketing - Application startup complete
2026-09-25 09:20:39,655 - INFO - event_ticketing - GET / -> 200 (115.2ms)
2026-09-25 09:20:39,817 - INFO - event_ticketing - GET /favicon.ico -> 404 (17.2ms)
2026-09-25 09:20:47,385 - INFO - event_ticketing - GET /docs -> 200 (0.5ms)
2026-09-25 09:20:49,368 - INFO - event_ticketing - GET /openapi.json -> 200 (453.9ms)
2026-09-25 09:27:05,462 - ERROR - event_ticketing - Database error on GET /events/: (psycopg2.OperationalError) connection to server at "localhost" (::1), port 5433 failed: Connection refused
	Is the server running on that host and accepting TCP/IP connections?
connection to server at "localhost" (127.0.0.1), port 5433 failed: Connection refused
	Is the server running on that host and accepting TCP/IP connections?

(Background on this error at: https://sqlalche.me/e/20/e3q8)
Traceback (most recent call last):
  File "/Users/ewherheakpesir/Documents/Evvent-api/venv/lib/python3.14/site-packages/sqlalchemy/engine/base.py", line 144, in __init__
    self._dbapi_connection = engine.raw_connection()
                             ~~~~~~~~~~~~~~~~~~~~~^^
  File "/Users/ewherheakpesir/Documents/Evvent-api/venv/lib/python3.14/site-packages/sqlalchemy/engine/base.py", line 3319, in raw_connection
    return self.pool.connect()
           ~~~~~~~~~~~~~~~~~^^
  File "/Users/ewherheakpesir/Documents/Evvent-api/venv/lib/python3.14/site-packages/sqlalchemy/pool/base.py", line 448, in connect
    return _ConnectionFairy._checkout(self)
           ~~~~~~~~~~~~~~~~~~~~~~~~~~^^^^^^
  File "/Users/ewherheakpesir/Documents/Evvent-api/venv/lib/python3.14/site-packages/sqlalchemy/pool/base.py", line 1272, in _checkout
    fairy = _ConnectionRecord.checkout(pool)
  File "/Users/ewherheakpesir/Documents/Evvent-api/venv/lib/python3.14/site-packages/sqlalchemy/pool/base.py", line 712, in checkout
    rec = pool._do_get()
  File "/Users/ewherheakpesir/Documents/Evvent-api/venv/lib/python3.14/site-packages/sqlalchemy/pool/impl.py", line 178, in _do_get
    with util.safe_reraise():
         ~~~~~~~~~~~~~~~~~^^
  File "/Users/ewherheakpesir/Documents/Evvent-api/venv/lib/python3.14/site-packages/sqlalchemy/util/langhelpers.py", line 122, in __exit__
    raise exc_value.with_traceback(exc_tb)
  File "/Users/ewherheakpesir/Documents/Evvent-api/venv/lib/python3.14/site-packages/sqlalchemy/pool/impl.py", line 176, in _do_get
    return self._create_connection()
           ~~~~~~~~~~~~~~~~~~~~~~~^^
  File "/Users/ewherheakpesir/Documents/Evvent-api/venv/lib/python3.14/site-packages/sqlalchemy/pool/base.py", line 389, in _create_connection
    return _ConnectionRecord(self)
  File "/Users/ewherheakpesir/Documents/Evvent-api/venv/lib/python3.14/site-packages/sqlalchemy/pool/base.py", line 674, in __init__
    self.__connect()
    ~~~~~~~~~~~~~~^^
  File "/Users/ewherheakpesir/Documents/Evvent-api/venv/lib/python3.14/site-packages/sqlalchemy/pool/base.py", line 900, in __connect
    with util.safe_reraise():
         ~~~~~~~~~~~~~~~~~^^
  File "/Users/ewherheakpesir/Documents/Evvent-api/venv/lib/python3.14/site-packages/sqlalchemy/util/langhelpers.py", line 122, in __exit__
    raise exc_value.with_traceback(exc_tb)
  File "/Users/ewherheakpesir/Documents/Evvent-api/venv/lib/python3.14/site-packages/sqlalchemy/pool/base.py", line 896, in __connect
    self.dbapi_connection = connection = pool._invoke_creator(self)
                                         ~~~~~~~~~~~~~~~~~~~~^^^^^^
  File "/Users/ewherheakpesir/Documents/Evvent-api/venv/lib/python3.14/site-packages/sqlalchemy/engine/create.py", line 667, in connect
    return dialect.connect(*cargs_tup, **cparams)
           ~~~~~~~~~~~~~~~^^^^^^^^^^^^^^^^^^^^^^^
  File "/Users/ewherheakpesir/Documents/Evvent-api/venv/lib/python3.14/site-packages/sqlalchemy/engine/default.py", line 630, in connect
    return self.loaded_dbapi.connect(*cargs, **cparams)  # type: ignore[no-any-return]  # NOQA: E501
           ~~~~~~~~~~~~~~~~~~~~~~~~~^^^^^^^^^^^^^^^^^^^
  File "/Users/ewherheakpesir/Documents/Evvent-api/venv/lib/python3.14/site-packages/psycopg2/__init__.py", line 122, in connect
    conn = _connect(dsn, connection_factory=connection_factory, **kwasync)
psycopg2.OperationalError: connection to server at "localhost" (::1), port 5433 failed: Connection refused
	Is the server running on that host and accepting TCP/IP connections?
connection to server at "localhost" (127.0.0.1), port 5433 failed: Connection refused
	Is the server running on that host and accepting TCP/IP connections?


The above exception was the direct cause of the following exception:

Traceback (most recent call last):
  File "/Users/ewherheakpesir/Documents/Evvent-api/venv/lib/python3.14/site-packages/starlette/_exception_handler.py", line 42, in wrapped_app
    await app(scope, receive, sender)
  File "/Users/ewherheakpesir/Documents/Evvent-api/venv/lib/python3.14/site-packages/fastapi/routing.py", line 144, in app
    response = await f(request)
               ^^^^^^^^^^^^^^^^
  File "/Users/ewherheakpesir/Documents/Evvent-api/venv/lib/python3.14/site-packages/fastapi/routing.py", line 706, in app
    raw_response = await run_endpoint_function(
                   ^^^^^^^^^^^^^^^^^^^^^^^^^^^^
    ...<3 lines>...
    )
    ^
  File "/Users/ewherheakpesir/Documents/Evvent-api/venv/lib/python3.14/site-packages/fastapi/routing.py", line 354, in run_endpoint_function
    return await run_in_threadpool(dependant.call, **values)
           ^^^^^^^^^^^^^^^^^^^^^^^^^^^^^^^^^^^^^^^^^^^^^^^^^
  File "/Users/ewherheakpesir/Documents/Evvent-api/venv/lib/python3.14/site-packages/starlette/concurrency.py", line 34, in run_in_threadpool
    return await anyio.to_thread.run_sync(func)
           ^^^^^^^^^^^^^^^^^^^^^^^^^^^^^^^^^^^^
  File "/Users/ewherheakpesir/Documents/Evvent-api/venv/lib/python3.14/site-packages/anyio/to_thread.py", line 65, in run_sync
    return await get_async_backend().run_sync_in_worker_thread(
           ^^^^^^^^^^^^^^^^^^^^^^^^^^^^^^^^^^^^^^^^^^^^^^^^^^^^
        func, args, abandon_on_cancel=abandon_on_cancel, limiter=limiter
        ^^^^^^^^^^^^^^^^^^^^^^^^^^^^^^^^^^^^^^^^^^^^^^^^^^^^^^^^^^^^^^^^
    )
    ^
  File "/Users/ewherheakpesir/Documents/Evvent-api/venv/lib/python3.14/site-packages/anyio/_backends/_asyncio.py", line 2641, in run_sync_in_worker_thread
    return await future
           ^^^^^^^^^^^^
  File "/Users/ewherheakpesir/Documents/Evvent-api/venv/lib/python3.14/site-packages/anyio/_backends/_asyncio.py", line 1033, in run
    result = context.run(func, *args)
  File "/Users/ewherheakpesir/Documents/Evvent-api/event/controller.py", line 61, in list_events_endpoint
    events = list_events(
        session,
    ...<5 lines>...
        featured=featured,
    )
  File "/Users/ewherheakpesir/Documents/Evvent-api/event/services.py", line 158, in list_events
    return list(session.exec(query).all())
                ~~~~~~~~~~~~^^^^^^^
  File "/Users/ewherheakpesir/Documents/Evvent-api/venv/lib/python3.14/site-packages/sqlmodel/orm/session.py", line 75, in exec
    results = super().execute(
        statement,
    ...<4 lines>...
        _add_event=_add_event,
    )
  File "/Users/ewherheakpesir/Documents/Evvent-api/venv/lib/python3.14/site-packages/sqlalchemy/orm/session.py", line 2373, in execute
    return self._execute_internal(
           ~~~~~~~~~~~~~~~~~~~~~~^
        statement,
        ^^^^^^^^^^
    ...<4 lines>...
        _add_event=_add_event,
        ^^^^^^^^^^^^^^^^^^^^^^
    )
    ^
  File "/Users/ewherheakpesir/Documents/Evvent-api/venv/lib/python3.14/site-packages/sqlalchemy/orm/session.py", line 2261, in _execute_internal
    conn = self._connection_for_bind(bind)
  File "/Users/ewherheakpesir/Documents/Evvent-api/venv/lib/python3.14/site-packages/sqlalchemy/orm/session.py", line 2113, in _connection_for_bind
    return trans._connection_for_bind(engine, execution_options)
           ~~~~~~~~~~~~~~~~~~~~~~~~~~^^^^^^^^^^^^^^^^^^^^^^^^^^^
  File "<string>", line 2, in _connection_for_bind
  File "/Users/ewherheakpesir/Documents/Evvent-api/venv/lib/python3.14/site-packages/sqlalchemy/orm/state_changes.py", line 137, in _go
    ret_value = fn(self, *arg, **kw)
  File "/Users/ewherheakpesir/Documents/Evvent-api/venv/lib/python3.14/site-packages/sqlalchemy/orm/session.py", line 1191, in _connection_for_bind
    conn = bind.connect()
  File "/Users/ewherheakpesir/Documents/Evvent-api/venv/lib/python3.14/site-packages/sqlalchemy/engine/base.py", line 3295, in connect
    return self._connection_cls(self)
           ~~~~~~~~~~~~~~~~~~~~^^^^^^
  File "/Users/ewherheakpesir/Documents/Evvent-api/venv/lib/python3.14/site-packages/sqlalchemy/engine/base.py", line 146, in __init__
    Connection._handle_dbapi_exception_noconnection(
    ~~~~~~~~~~~~~~~~~~~~~~~~~~~~~~~~~~~~~~~~~~~~~~~^
        err, dialect, engine
        ^^^^^^^^^^^^^^^^^^^^
    )
    ^
  File "/Users/ewherheakpesir/Documents/Evvent-api/venv/lib/python3.14/site-packages/sqlalchemy/engine/base.py", line 2450, in _handle_dbapi_exception_noconnection
    raise sqlalchemy_exception.with_traceback(exc_info[2]) from e
  File "/Users/ewherheakpesir/Documents/Evvent-api/venv/lib/python3.14/site-packages/sqlalchemy/engine/base.py", line 144, in __init__
    self._dbapi_connection = engine.raw_connection()
                             ~~~~~~~~~~~~~~~~~~~~~^^
  File "/Users/ewherheakpesir/Documents/Evvent-api/venv/lib/python3.14/site-packages/sqlalchemy/engine/base.py", line 3319, in raw_connection
    return self.pool.connect()
           ~~~~~~~~~~~~~~~~~^^
  File "/Users/ewherheakpesir/Documents/Evvent-api/venv/lib/python3.14/site-packages/sqlalchemy/pool/base.py", line 448, in connect
    return _ConnectionFairy._checkout(self)
           ~~~~~~~~~~~~~~~~~~~~~~~~~~^^^^^^
  File "/Users/ewherheakpesir/Documents/Evvent-api/venv/lib/python3.14/site-packages/sqlalchemy/pool/base.py", line 1272, in _checkout
    fairy = _ConnectionRecord.checkout(pool)
  File "/Users/ewherheakpesir/Documents/Evvent-api/venv/lib/python3.14/site-packages/sqlalchemy/pool/base.py", line 712, in checkout
    rec = pool._do_get()
  File "/Users/ewherheakpesir/Documents/Evvent-api/venv/lib/python3.14/site-packages/sqlalchemy/pool/impl.py", line 178, in _do_get
    with util.safe_reraise():
         ~~~~~~~~~~~~~~~~~^^
  File "/Users/ewherheakpesir/Documents/Evvent-api/venv/lib/python3.14/site-packages/sqlalchemy/util/langhelpers.py", line 122, in __exit__
    raise exc_value.with_traceback(exc_tb)
  File "/Users/ewherheakpesir/Documents/Evvent-api/venv/lib/python3.14/site-packages/sqlalchemy/pool/impl.py", line 176, in _do_get
    return self._create_connection()
           ~~~~~~~~~~~~~~~~~~~~~~~^^
  File "/Users/ewherheakpesir/Documents/Evvent-api/venv/lib/python3.14/site-packages/sqlalchemy/pool/base.py", line 389, in _create_connection
    return _ConnectionRecord(self)
  File "/Users/ewherheakpesir/Documents/Evvent-api/venv/lib/python3.14/site-packages/sqlalchemy/pool/base.py", line 674, in __init__
    self.__connect()
    ~~~~~~~~~~~~~~^^
  File "/Users/ewherheakpesir/Documents/Evvent-api/venv/lib/python3.14/site-packages/sqlalchemy/pool/base.py", line 900, in __connect
    with util.safe_reraise():
         ~~~~~~~~~~~~~~~~~^^
  File "/Users/ewherheakpesir/Documents/Evvent-api/venv/lib/python3.14/site-packages/sqlalchemy/util/langhelpers.py", line 122, in __exit__
    raise exc_value.with_traceback(exc_tb)
  File "/Users/ewherheakpesir/Documents/Evvent-api/venv/lib/python3.14/site-packages/sqlalchemy/pool/base.py", line 896, in __connect
    self.dbapi_connection = connection = pool._invoke_creator(self)
                                         ~~~~~~~~~~~~~~~~~~~~^^^^^^
  File "/Users/ewherheakpesir/Documents/Evvent-api/venv/lib/python3.14/site-packages/sqlalchemy/engine/create.py", line 667, in connect
    return dialect.connect(*cargs_tup, **cparams)
           ~~~~~~~~~~~~~~~^^^^^^^^^^^^^^^^^^^^^^^
  File "/Users/ewherheakpesir/Documents/Evvent-api/venv/lib/python3.14/site-packages/sqlalchemy/engine/default.py", line 630, in connect
    return self.loaded_dbapi.connect(*cargs, **cparams)  # type: ignore[no-any-return]  # NOQA: E501
           ~~~~~~~~~~~~~~~~~~~~~~~~~^^^^^^^^^^^^^^^^^^^
  File "/Users/ewherheakpesir/Documents/Evvent-api/venv/lib/python3.14/site-packages/psycopg2/__init__.py", line 122, in connect
    conn = _connect(dsn, connection_factory=connection_factory, **kwasync)
sqlalchemy.exc.OperationalError: (psycopg2.OperationalError) connection to server at "localhost" (::1), port 5433 failed: Connection refused
	Is the server running on that host and accepting TCP/IP connections?
connection to server at "localhost" (127.0.0.1), port 5433 failed: Connection refused
	Is the server running on that host and accepting TCP/IP connections?

(Background on this error at: https://sqlalche.me/e/20/e3q8)
2026-09-25 09:27:05,511 - INFO - event_ticketing - GET /events/ -> 500 (317.1ms)
2026-09-25 09:29:27,695 - INFO - event_ticketing - POST /auth/register -> 422 (22.2ms)
2026-09-25 09:30:15,417 - ERROR - event_ticketing - Database error on POST /auth/register: (psycopg2.OperationalError) connection to server at "localhost" (::1), port 5433 failed: Connection refused
	Is the server running on that host and accepting TCP/IP connections?
connection to server at "localhost" (127.0.0.1), port 5433 failed: Connection refused
	Is the server running on that host and accepting TCP/IP connections?

(Background on this error at: https://sqlalche.me/e/20/e3q8)
Traceback (most recent call last):
  File "/Users/ewherheakpesir/Documents/Evvent-api/venv/lib/python3.14/site-packages/sqlalchemy/engine/base.py", line 144, in __init__
    self._dbapi_connection = engine.raw_connection()
                             ~~~~~~~~~~~~~~~~~~~~~^^
  File "/Users/ewherheakpesir/Documents/Evvent-api/venv/lib/python3.14/site-packages/sqlalchemy/engine/base.py", line 3319, in raw_connection
    return self.pool.connect()
           ~~~~~~~~~~~~~~~~~^^
  File "/Users/ewherheakpesir/Documents/Evvent-api/venv/lib/python3.14/site-packages/sqlalchemy/pool/base.py", line 448, in connect
    return _ConnectionFairy._checkout(self)
           ~~~~~~~~~~~~~~~~~~~~~~~~~~^^^^^^
  File "/Users/ewherheakpesir/Documents/Evvent-api/venv/lib/python3.14/site-packages/sqlalchemy/pool/base.py", line 1272, in _checkout
    fairy = _ConnectionRecord.checkout(pool)
  File "/Users/ewherheakpesir/Documents/Evvent-api/venv/lib/python3.14/site-packages/sqlalchemy/pool/base.py", line 712, in checkout
    rec = pool._do_get()
  File "/Users/ewherheakpesir/Documents/Evvent-api/venv/lib/python3.14/site-packages/sqlalchemy/pool/impl.py", line 178, in _do_get
    with util.safe_reraise():
         ~~~~~~~~~~~~~~~~~^^
  File "/Users/ewherheakpesir/Documents/Evvent-api/venv/lib/python3.14/site-packages/sqlalchemy/util/langhelpers.py", line 122, in __exit__
    raise exc_value.with_traceback(exc_tb)
  File "/Users/ewherheakpesir/Documents/Evvent-api/venv/lib/python3.14/site-packages/sqlalchemy/pool/impl.py", line 176, in _do_get
    return self._create_connection()
           ~~~~~~~~~~~~~~~~~~~~~~~^^
  File "/Users/ewherheakpesir/Documents/Evvent-api/venv/lib/python3.14/site-packages/sqlalchemy/pool/base.py", line 389, in _create_connection
    return _ConnectionRecord(self)
  File "/Users/ewherheakpesir/Documents/Evvent-api/venv/lib/python3.14/site-packages/sqlalchemy/pool/base.py", line 674, in __init__
    self.__connect()
    ~~~~~~~~~~~~~~^^
  File "/Users/ewherheakpesir/Documents/Evvent-api/venv/lib/python3.14/site-packages/sqlalchemy/pool/base.py", line 900, in __connect
    with util.safe_reraise():
         ~~~~~~~~~~~~~~~~~^^
  File "/Users/ewherheakpesir/Documents/Evvent-api/venv/lib/python3.14/site-packages/sqlalchemy/util/langhelpers.py", line 122, in __exit__
    raise exc_value.with_traceback(exc_tb)
  File "/Users/ewherheakpesir/Documents/Evvent-api/venv/lib/python3.14/site-packages/sqlalchemy/pool/base.py", line 896, in __connect
    self.dbapi_connection = connection = pool._invoke_creator(self)
                                         ~~~~~~~~~~~~~~~~~~~~^^^^^^
  File "/Users/ewherheakpesir/Documents/Evvent-api/venv/lib/python3.14/site-packages/sqlalchemy/engine/create.py", line 667, in connect
    return dialect.connect(*cargs_tup, **cparams)
           ~~~~~~~~~~~~~~~^^^^^^^^^^^^^^^^^^^^^^^
  File "/Users/ewherheakpesir/Documents/Evvent-api/venv/lib/python3.14/site-packages/sqlalchemy/engine/default.py", line 630, in connect
    return self.loaded_dbapi.connect(*cargs, **cparams)  # type: ignore[no-any-return]  # NOQA: E501
           ~~~~~~~~~~~~~~~~~~~~~~~~~^^^^^^^^^^^^^^^^^^^
  File "/Users/ewherheakpesir/Documents/Evvent-api/venv/lib/python3.14/site-packages/psycopg2/__init__.py", line 122, in connect
    conn = _connect(dsn, connection_factory=connection_factory, **kwasync)
psycopg2.OperationalError: connection to server at "localhost" (::1), port 5433 failed: Connection refused
	Is the server running on that host and accepting TCP/IP connections?
connection to server at "localhost" (127.0.0.1), port 5433 failed: Connection refused
	Is the server running on that host and accepting TCP/IP connections?


The above exception was the direct cause of the following exception:

Traceback (most recent call last):
  File "/Users/ewherheakpesir/Documents/Evvent-api/venv/lib/python3.14/site-packages/starlette/_exception_handler.py", line 42, in wrapped_app
    await app(scope, receive, sender)
  File "/Users/ewherheakpesir/Documents/Evvent-api/venv/lib/python3.14/site-packages/fastapi/routing.py", line 144, in app
    response = await f(request)
               ^^^^^^^^^^^^^^^^
  File "/Users/ewherheakpesir/Documents/Evvent-api/venv/lib/python3.14/site-packages/fastapi/routing.py", line 706, in app
    raw_response = await run_endpoint_function(
                   ^^^^^^^^^^^^^^^^^^^^^^^^^^^^
    ...<3 lines>...
    )
    ^
  File "/Users/ewherheakpesir/Documents/Evvent-api/venv/lib/python3.14/site-packages/fastapi/routing.py", line 354, in run_endpoint_function
    return await run_in_threadpool(dependant.call, **values)
           ^^^^^^^^^^^^^^^^^^^^^^^^^^^^^^^^^^^^^^^^^^^^^^^^^
  File "/Users/ewherheakpesir/Documents/Evvent-api/venv/lib/python3.14/site-packages/starlette/concurrency.py", line 34, in run_in_threadpool
    return await anyio.to_thread.run_sync(func)
           ^^^^^^^^^^^^^^^^^^^^^^^^^^^^^^^^^^^^
  File "/Users/ewherheakpesir/Documents/Evvent-api/venv/lib/python3.14/site-packages/anyio/to_thread.py", line 65, in run_sync
    return await get_async_backend().run_sync_in_worker_thread(
           ^^^^^^^^^^^^^^^^^^^^^^^^^^^^^^^^^^^^^^^^^^^^^^^^^^^^
        func, args, abandon_on_cancel=abandon_on_cancel, limiter=limiter
        ^^^^^^^^^^^^^^^^^^^^^^^^^^^^^^^^^^^^^^^^^^^^^^^^^^^^^^^^^^^^^^^^
    )
    ^
  File "/Users/ewherheakpesir/Documents/Evvent-api/venv/lib/python3.14/site-packages/anyio/_backends/_asyncio.py", line 2641, in run_sync_in_worker_thread
    return await future
           ^^^^^^^^^^^^
  File "/Users/ewherheakpesir/Documents/Evvent-api/venv/lib/python3.14/site-packages/anyio/_backends/_asyncio.py", line 1033, in run
    result = context.run(func, *args)
  File "/Users/ewherheakpesir/Documents/Evvent-api/auth/controller.py", line 39, in register
    user = register_user(session, **data.model_dump())
  File "/Users/ewherheakpesir/Documents/Evvent-api/auth/services.py", line 42, in register_user
    if session.exec(select(User).where(User.email == email)).first():
       ~~~~~~~~~~~~^^^^^^^^^^^^^^^^^^^^^^^^^^^^^^^^^^^^^^^^^
  File "/Users/ewherheakpesir/Documents/Evvent-api/venv/lib/python3.14/site-packages/sqlmodel/orm/session.py", line 75, in exec
    results = super().execute(
        statement,
    ...<4 lines>...
        _add_event=_add_event,
    )
  File "/Users/ewherheakpesir/Documents/Evvent-api/venv/lib/python3.14/site-packages/sqlalchemy/orm/session.py", line 2373, in execute
    return self._execute_internal(
           ~~~~~~~~~~~~~~~~~~~~~~^
        statement,
        ^^^^^^^^^^
    ...<4 lines>...
        _add_event=_add_event,
        ^^^^^^^^^^^^^^^^^^^^^^
    )
    ^
  File "/Users/ewherheakpesir/Documents/Evvent-api/venv/lib/python3.14/site-packages/sqlalchemy/orm/session.py", line 2261, in _execute_internal
    conn = self._connection_for_bind(bind)
  File "/Users/ewherheakpesir/Documents/Evvent-api/venv/lib/python3.14/site-packages/sqlalchemy/orm/session.py", line 2113, in _connection_for_bind
    return trans._connection_for_bind(engine, execution_options)
           ~~~~~~~~~~~~~~~~~~~~~~~~~~^^^^^^^^^^^^^^^^^^^^^^^^^^^
  File "<string>", line 2, in _connection_for_bind
  File "/Users/ewherheakpesir/Documents/Evvent-api/venv/lib/python3.14/site-packages/sqlalchemy/orm/state_changes.py", line 137, in _go
    ret_value = fn(self, *arg, **kw)
  File "/Users/ewherheakpesir/Documents/Evvent-api/venv/lib/python3.14/site-packages/sqlalchemy/orm/session.py", line 1191, in _connection_for_bind
    conn = bind.connect()
  File "/Users/ewherheakpesir/Documents/Evvent-api/venv/lib/python3.14/site-packages/sqlalchemy/engine/base.py", line 3295, in connect
    return self._connection_cls(self)
           ~~~~~~~~~~~~~~~~~~~~^^^^^^
  File "/Users/ewherheakpesir/Documents/Evvent-api/venv/lib/python3.14/site-packages/sqlalchemy/engine/base.py", line 146, in __init__
    Connection._handle_dbapi_exception_noconnection(
    ~~~~~~~~~~~~~~~~~~~~~~~~~~~~~~~~~~~~~~~~~~~~~~~^
        err, dialect, engine
        ^^^^^^^^^^^^^^^^^^^^
    )
    ^
  File "/Users/ewherheakpesir/Documents/Evvent-api/venv/lib/python3.14/site-packages/sqlalchemy/engine/base.py", line 2450, in _handle_dbapi_exception_noconnection
    raise sqlalchemy_exception.with_traceback(exc_info[2]) from e
  File "/Users/ewherheakpesir/Documents/Evvent-api/venv/lib/python3.14/site-packages/sqlalchemy/engine/base.py", line 144, in __init__
    self._dbapi_connection = engine.raw_connection()
                             ~~~~~~~~~~~~~~~~~~~~~^^
  File "/Users/ewherheakpesir/Documents/Evvent-api/venv/lib/python3.14/site-packages/sqlalchemy/engine/base.py", line 3319, in raw_connection
    return self.pool.connect()
           ~~~~~~~~~~~~~~~~~^^
  File "/Users/ewherheakpesir/Documents/Evvent-api/venv/lib/python3.14/site-packages/sqlalchemy/pool/base.py", line 448, in connect
    return _ConnectionFairy._checkout(self)
           ~~~~~~~~~~~~~~~~~~~~~~~~~~^^^^^^
  File "/Users/ewherheakpesir/Documents/Evvent-api/venv/lib/python3.14/site-packages/sqlalchemy/pool/base.py", line 1272, in _checkout
    fairy = _ConnectionRecord.checkout(pool)
  File "/Users/ewherheakpesir/Documents/Evvent-api/venv/lib/python3.14/site-packages/sqlalchemy/pool/base.py", line 712, in checkout
    rec = pool._do_get()
  File "/Users/ewherheakpesir/Documents/Evvent-api/venv/lib/python3.14/site-packages/sqlalchemy/pool/impl.py", line 178, in _do_get
    with util.safe_reraise():
         ~~~~~~~~~~~~~~~~~^^
  File "/Users/ewherheakpesir/Documents/Evvent-api/venv/lib/python3.14/site-packages/sqlalchemy/util/langhelpers.py", line 122, in __exit__
    raise exc_value.with_traceback(exc_tb)
  File "/Users/ewherheakpesir/Documents/Evvent-api/venv/lib/python3.14/site-packages/sqlalchemy/pool/impl.py", line 176, in _do_get
    return self._create_connection()
           ~~~~~~~~~~~~~~~~~~~~~~~^^
  File "/Users/ewherheakpesir/Documents/Evvent-api/venv/lib/python3.14/site-packages/sqlalchemy/pool/base.py", line 389, in _create_connection
    return _ConnectionRecord(self)
  File "/Users/ewherheakpesir/Documents/Evvent-api/venv/lib/python3.14/site-packages/sqlalchemy/pool/base.py", line 674, in __init__
    self.__connect()
    ~~~~~~~~~~~~~~^^
  File "/Users/ewherheakpesir/Documents/Evvent-api/venv/lib/python3.14/site-packages/sqlalchemy/pool/base.py", line 900, in __connect
    with util.safe_reraise():
         ~~~~~~~~~~~~~~~~~^^
  File "/Users/ewherheakpesir/Documents/Evvent-api/venv/lib/python3.14/site-packages/sqlalchemy/util/langhelpers.py", line 122, in __exit__
    raise exc_value.with_traceback(exc_tb)
  File "/Users/ewherheakpesir/Documents/Evvent-api/venv/lib/python3.14/site-packages/sqlalchemy/pool/base.py", line 896, in __connect
    self.dbapi_connection = connection = pool._invoke_creator(self)
                                         ~~~~~~~~~~~~~~~~~~~~^^^^^^
  File "/Users/ewherheakpesir/Documents/Evvent-api/venv/lib/python3.14/site-packages/sqlalchemy/engine/create.py", line 667, in connect
    return dialect.connect(*cargs_tup, **cparams)
           ~~~~~~~~~~~~~~~^^^^^^^^^^^^^^^^^^^^^^^
  File "/Users/ewherheakpesir/Documents/Evvent-api/venv/lib/python3.14/site-packages/sqlalchemy/engine/default.py", line 630, in connect
    return self.loaded_dbapi.connect(*cargs, **cparams)  # type: ignore[no-any-return]  # NOQA: E501
           ~~~~~~~~~~~~~~~~~~~~~~~~~^^^^^^^^^^^^^^^^^^^
  File "/Users/ewherheakpesir/Documents/Evvent-api/venv/lib/python3.14/site-packages/psycopg2/__init__.py", line 122, in connect
    conn = _connect(dsn, connection_factory=connection_factory, **kwasync)
sqlalchemy.exc.OperationalError: (psycopg2.OperationalError) connection to server at "localhost" (::1), port 5433 failed: Connection refused
	Is the server running on that host and accepting TCP/IP connections?
connection to server at "localhost" (127.0.0.1), port 5433 failed: Connection refused
	Is the server running on that host and accepting TCP/IP connections?

(Background on this error at: https://sqlalche.me/e/20/e3q8)
2026-09-25 09:30:15,434 - INFO - event_ticketing - POST /auth/register -> 500 (120.8ms)
2026-09-25 09:44:17,787 - ERROR - event_ticketing - Database error on POST /auth/register: (psycopg2.OperationalError) connection to server at "localhost" (::1), port 5433 failed: Connection refused
	Is the server running on that host and accepting TCP/IP connections?
connection to server at "localhost" (127.0.0.1), port 5433 failed: Connection refused
	Is the server running on that host and accepting TCP/IP connections?

(Background on this error at: https://sqlalche.me/e/20/e3q8)
Traceback (most recent call last):
  File "/Users/ewherheakpesir/Documents/Evvent-api/venv/lib/python3.14/site-packages/sqlalchemy/engine/base.py", line 144, in __init__
    self._dbapi_connection = engine.raw_connection()
                             ~~~~~~~~~~~~~~~~~~~~~^^
  File "/Users/ewherheakpesir/Documents/Evvent-api/venv/lib/python3.14/site-packages/sqlalchemy/engine/base.py", line 3319, in raw_connection
    return self.pool.connect()
           ~~~~~~~~~~~~~~~~~^^
  File "/Users/ewherheakpesir/Documents/Evvent-api/venv/lib/python3.14/site-packages/sqlalchemy/pool/base.py", line 448, in connect
    return _ConnectionFairy._checkout(self)
           ~~~~~~~~~~~~~~~~~~~~~~~~~~^^^^^^
  File "/Users/ewherheakpesir/Documents/Evvent-api/venv/lib/python3.14/site-packages/sqlalchemy/pool/base.py", line 1272, in _checkout
    fairy = _ConnectionRecord.checkout(pool)
  File "/Users/ewherheakpesir/Documents/Evvent-api/venv/lib/python3.14/site-packages/sqlalchemy/pool/base.py", line 712, in checkout
    rec = pool._do_get()
  File "/Users/ewherheakpesir/Documents/Evvent-api/venv/lib/python3.14/site-packages/sqlalchemy/pool/impl.py", line 178, in _do_get
    with util.safe_reraise():
         ~~~~~~~~~~~~~~~~~^^
  File "/Users/ewherheakpesir/Documents/Evvent-api/venv/lib/python3.14/site-packages/sqlalchemy/util/langhelpers.py", line 122, in __exit__
    raise exc_value.with_traceback(exc_tb)
  File "/Users/ewherheakpesir/Documents/Evvent-api/venv/lib/python3.14/site-packages/sqlalchemy/pool/impl.py", line 176, in _do_get
    return self._create_connection()
           ~~~~~~~~~~~~~~~~~~~~~~~^^
  File "/Users/ewherheakpesir/Documents/Evvent-api/venv/lib/python3.14/site-packages/sqlalchemy/pool/base.py", line 389, in _create_connection
    return _ConnectionRecord(self)
  File "/Users/ewherheakpesir/Documents/Evvent-api/venv/lib/python3.14/site-packages/sqlalchemy/pool/base.py", line 674, in __init__
    self.__connect()
    ~~~~~~~~~~~~~~^^
  File "/Users/ewherheakpesir/Documents/Evvent-api/venv/lib/python3.14/site-packages/sqlalchemy/pool/base.py", line 900, in __connect
    with util.safe_reraise():
         ~~~~~~~~~~~~~~~~~^^
  File "/Users/ewherheakpesir/Documents/Evvent-api/venv/lib/python3.14/site-packages/sqlalchemy/util/langhelpers.py", line 122, in __exit__
    raise exc_value.with_traceback(exc_tb)
  File "/Users/ewherheakpesir/Documents/Evvent-api/venv/lib/python3.14/site-packages/sqlalchemy/pool/base.py", line 896, in __connect
    self.dbapi_connection = connection = pool._invoke_creator(self)
                                         ~~~~~~~~~~~~~~~~~~~~^^^^^^
  File "/Users/ewherheakpesir/Documents/Evvent-api/venv/lib/python3.14/site-packages/sqlalchemy/engine/create.py", line 667, in connect
    return dialect.connect(*cargs_tup, **cparams)
           ~~~~~~~~~~~~~~~^^^^^^^^^^^^^^^^^^^^^^^
  File "/Users/ewherheakpesir/Documents/Evvent-api/venv/lib/python3.14/site-packages/sqlalchemy/engine/default.py", line 630, in connect
    return self.loaded_dbapi.connect(*cargs, **cparams)  # type: ignore[no-any-return]  # NOQA: E501
           ~~~~~~~~~~~~~~~~~~~~~~~~~^^^^^^^^^^^^^^^^^^^
  File "/Users/ewherheakpesir/Documents/Evvent-api/venv/lib/python3.14/site-packages/psycopg2/__init__.py", line 122, in connect
    conn = _connect(dsn, connection_factory=connection_factory, **kwasync)
psycopg2.OperationalError: connection to server at "localhost" (::1), port 5433 failed: Connection refused
	Is the server running on that host and accepting TCP/IP connections?
connection to server at "localhost" (127.0.0.1), port 5433 failed: Connection refused
	Is the server running on that host and accepting TCP/IP connections?


The above exception was the direct cause of the following exception:

Traceback (most recent call last):
  File "/Users/ewherheakpesir/Documents/Evvent-api/venv/lib/python3.14/site-packages/starlette/_exception_handler.py", line 42, in wrapped_app
    await app(scope, receive, sender)
  File "/Users/ewherheakpesir/Documents/Evvent-api/venv/lib/python3.14/site-packages/fastapi/routing.py", line 144, in app
    response = await f(request)
               ^^^^^^^^^^^^^^^^
  File "/Users/ewherheakpesir/Documents/Evvent-api/venv/lib/python3.14/site-packages/fastapi/routing.py", line 706, in app
    raw_response = await run_endpoint_function(
                   ^^^^^^^^^^^^^^^^^^^^^^^^^^^^
    ...<3 lines>...
    )
    ^
  File "/Users/ewherheakpesir/Documents/Evvent-api/venv/lib/python3.14/site-packages/fastapi/routing.py", line 354, in run_endpoint_function
    return await run_in_threadpool(dependant.call, **values)
           ^^^^^^^^^^^^^^^^^^^^^^^^^^^^^^^^^^^^^^^^^^^^^^^^^
  File "/Users/ewherheakpesir/Documents/Evvent-api/venv/lib/python3.14/site-packages/starlette/concurrency.py", line 34, in run_in_threadpool
    return await anyio.to_thread.run_sync(func)
           ^^^^^^^^^^^^^^^^^^^^^^^^^^^^^^^^^^^^
  File "/Users/ewherheakpesir/Documents/Evvent-api/venv/lib/python3.14/site-packages/anyio/to_thread.py", line 65, in run_sync
    return await get_async_backend().run_sync_in_worker_thread(
           ^^^^^^^^^^^^^^^^^^^^^^^^^^^^^^^^^^^^^^^^^^^^^^^^^^^^
        func, args, abandon_on_cancel=abandon_on_cancel, limiter=limiter
        ^^^^^^^^^^^^^^^^^^^^^^^^^^^^^^^^^^^^^^^^^^^^^^^^^^^^^^^^^^^^^^^^
    )
    ^
  File "/Users/ewherheakpesir/Documents/Evvent-api/venv/lib/python3.14/site-packages/anyio/_backends/_asyncio.py", line 2641, in run_sync_in_worker_thread
    return await future
           ^^^^^^^^^^^^
  File "/Users/ewherheakpesir/Documents/Evvent-api/venv/lib/python3.14/site-packages/anyio/_backends/_asyncio.py", line 1033, in run
    result = context.run(func, *args)
  File "/Users/ewherheakpesir/Documents/Evvent-api/auth/controller.py", line 39, in register
    user = register_user(session, **data.model_dump())
  File "/Users/ewherheakpesir/Documents/Evvent-api/auth/services.py", line 42, in register_user
    if session.exec(select(User).where(User.email == email)).first():
       ~~~~~~~~~~~~^^^^^^^^^^^^^^^^^^^^^^^^^^^^^^^^^^^^^^^^^
  File "/Users/ewherheakpesir/Documents/Evvent-api/venv/lib/python3.14/site-packages/sqlmodel/orm/session.py", line 75, in exec
    results = super().execute(
        statement,
    ...<4 lines>...
        _add_event=_add_event,
    )
  File "/Users/ewherheakpesir/Documents/Evvent-api/venv/lib/python3.14/site-packages/sqlalchemy/orm/session.py", line 2373, in execute
    return self._execute_internal(
           ~~~~~~~~~~~~~~~~~~~~~~^
        statement,
        ^^^^^^^^^^
    ...<4 lines>...
        _add_event=_add_event,
        ^^^^^^^^^^^^^^^^^^^^^^
    )
    ^
  File "/Users/ewherheakpesir/Documents/Evvent-api/venv/lib/python3.14/site-packages/sqlalchemy/orm/session.py", line 2261, in _execute_internal
    conn = self._connection_for_bind(bind)
  File "/Users/ewherheakpesir/Documents/Evvent-api/venv/lib/python3.14/site-packages/sqlalchemy/orm/session.py", line 2113, in _connection_for_bind
    return trans._connection_for_bind(engine, execution_options)
           ~~~~~~~~~~~~~~~~~~~~~~~~~~^^^^^^^^^^^^^^^^^^^^^^^^^^^
  File "<string>", line 2, in _connection_for_bind
  File "/Users/ewherheakpesir/Documents/Evvent-api/venv/lib/python3.14/site-packages/sqlalchemy/orm/state_changes.py", line 137, in _go
    ret_value = fn(self, *arg, **kw)
  File "/Users/ewherheakpesir/Documents/Evvent-api/venv/lib/python3.14/site-packages/sqlalchemy/orm/session.py", line 1191, in _connection_for_bind
    conn = bind.connect()
  File "/Users/ewherheakpesir/Documents/Evvent-api/venv/lib/python3.14/site-packages/sqlalchemy/engine/base.py", line 3295, in connect
    return self._connection_cls(self)
           ~~~~~~~~~~~~~~~~~~~~^^^^^^
  File "/Users/ewherheakpesir/Documents/Evvent-api/venv/lib/python3.14/site-packages/sqlalchemy/engine/base.py", line 146, in __init__
    Connection._handle_dbapi_exception_noconnection(
    ~~~~~~~~~~~~~~~~~~~~~~~~~~~~~~~~~~~~~~~~~~~~~~~^
        err, dialect, engine
        ^^^^^^^^^^^^^^^^^^^^
    )
    ^
  File "/Users/ewherheakpesir/Documents/Evvent-api/venv/lib/python3.14/site-packages/sqlalchemy/engine/base.py", line 2450, in _handle_dbapi_exception_noconnection
    raise sqlalchemy_exception.with_traceback(exc_info[2]) from e
  File "/Users/ewherheakpesir/Documents/Evvent-api/venv/lib/python3.14/site-packages/sqlalchemy/engine/base.py", line 144, in __init__
    self._dbapi_connection = engine.raw_connection()
                             ~~~~~~~~~~~~~~~~~~~~~^^
  File "/Users/ewherheakpesir/Documents/Evvent-api/venv/lib/python3.14/site-packages/sqlalchemy/engine/base.py", line 3319, in raw_connection
    return self.pool.connect()
           ~~~~~~~~~~~~~~~~~^^
  File "/Users/ewherheakpesir/Documents/Evvent-api/venv/lib/python3.14/site-packages/sqlalchemy/pool/base.py", line 448, in connect
    return _ConnectionFairy._checkout(self)
           ~~~~~~~~~~~~~~~~~~~~~~~~~~^^^^^^
  File "/Users/ewherheakpesir/Documents/Evvent-api/venv/lib/python3.14/site-packages/sqlalchemy/pool/base.py", line 1272, in _checkout
    fairy = _ConnectionRecord.checkout(pool)
  File "/Users/ewherheakpesir/Documents/Evvent-api/venv/lib/python3.14/site-packages/sqlalchemy/pool/base.py", line 712, in checkout
    rec = pool._do_get()
  File "/Users/ewherheakpesir/Documents/Evvent-api/venv/lib/python3.14/site-packages/sqlalchemy/pool/impl.py", line 178, in _do_get
    with util.safe_reraise():
         ~~~~~~~~~~~~~~~~~^^
  File "/Users/ewherheakpesir/Documents/Evvent-api/venv/lib/python3.14/site-packages/sqlalchemy/util/langhelpers.py", line 122, in __exit__
    raise exc_value.with_traceback(exc_tb)
  File "/Users/ewherheakpesir/Documents/Evvent-api/venv/lib/python3.14/site-packages/sqlalchemy/pool/impl.py", line 176, in _do_get
    return self._create_connection()
           ~~~~~~~~~~~~~~~~~~~~~~~^^
  File "/Users/ewherheakpesir/Documents/Evvent-api/venv/lib/python3.14/site-packages/sqlalchemy/pool/base.py", line 389, in _create_connection
    return _ConnectionRecord(self)
  File "/Users/ewherheakpesir/Documents/Evvent-api/venv/lib/python3.14/site-packages/sqlalchemy/pool/base.py", line 674, in __init__
    self.__connect()
    ~~~~~~~~~~~~~~^^
  File "/Users/ewherheakpesir/Documents/Evvent-api/venv/lib/python3.14/site-packages/sqlalchemy/pool/base.py", line 900, in __connect
    with util.safe_reraise():
         ~~~~~~~~~~~~~~~~~^^
  File "/Users/ewherheakpesir/Documents/Evvent-api/venv/lib/python3.14/site-packages/sqlalchemy/util/langhelpers.py", line 122, in __exit__
    raise exc_value.with_traceback(exc_tb)
  File "/Users/ewherheakpesir/Documents/Evvent-api/venv/lib/python3.14/site-packages/sqlalchemy/pool/base.py", line 896, in __connect
    self.dbapi_connection = connection = pool._invoke_creator(self)
                                         ~~~~~~~~~~~~~~~~~~~~^^^^^^
  File "/Users/ewherheakpesir/Documents/Evvent-api/venv/lib/python3.14/site-packages/sqlalchemy/engine/create.py", line 667, in connect
    return dialect.connect(*cargs_tup, **cparams)
           ~~~~~~~~~~~~~~~^^^^^^^^^^^^^^^^^^^^^^^
  File "/Users/ewherheakpesir/Documents/Evvent-api/venv/lib/python3.14/site-packages/sqlalchemy/engine/default.py", line 630, in connect
    return self.loaded_dbapi.connect(*cargs, **cparams)  # type: ignore[no-any-return]  # NOQA: E501
           ~~~~~~~~~~~~~~~~~~~~~~~~~^^^^^^^^^^^^^^^^^^^
  File "/Users/ewherheakpesir/Documents/Evvent-api/venv/lib/python3.14/site-packages/psycopg2/__init__.py", line 122, in connect
    conn = _connect(dsn, connection_factory=connection_factory, **kwasync)
sqlalchemy.exc.OperationalError: (psycopg2.OperationalError) connection to server at "localhost" (::1), port 5433 failed: Connection refused
	Is the server running on that host and accepting TCP/IP connections?
connection to server at "localhost" (127.0.0.1), port 5433 failed: Connection refused
	Is the server running on that host and accepting TCP/IP connections?

(Background on this error at: https://sqlalche.me/e/20/e3q8)
2026-09-25 09:44:17,818 - INFO - event_ticketing - POST /auth/register -> 500 (191.3ms)
2026-09-25 09:44:24,957 - ERROR - event_ticketing - Database error on POST /auth/register: (psycopg2.OperationalError) connection to server at "localhost" (::1), port 5433 failed: Connection refused
	Is the server running on that host and accepting TCP/IP connections?
connection to server at "localhost" (127.0.0.1), port 5433 failed: Connection refused
	Is the server running on that host and accepting TCP/IP connections?

(Background on this error at: https://sqlalche.me/e/20/e3q8)
Traceback (most recent call last):
  File "/Users/ewherheakpesir/Documents/Evvent-api/venv/lib/python3.14/site-packages/sqlalchemy/engine/base.py", line 144, in __init__
    self._dbapi_connection = engine.raw_connection()
                             ~~~~~~~~~~~~~~~~~~~~~^^
  File "/Users/ewherheakpesir/Documents/Evvent-api/venv/lib/python3.14/site-packages/sqlalchemy/engine/base.py", line 3319, in raw_connection
    return self.pool.connect()
           ~~~~~~~~~~~~~~~~~^^
  File "/Users/ewherheakpesir/Documents/Evvent-api/venv/lib/python3.14/site-packages/sqlalchemy/pool/base.py", line 448, in connect
    return _ConnectionFairy._checkout(self)
           ~~~~~~~~~~~~~~~~~~~~~~~~~~^^^^^^
  File "/Users/ewherheakpesir/Documents/Evvent-api/venv/lib/python3.14/site-packages/sqlalchemy/pool/base.py", line 1272, in _checkout
    fairy = _ConnectionRecord.checkout(pool)
  File "/Users/ewherheakpesir/Documents/Evvent-api/venv/lib/python3.14/site-packages/sqlalchemy/pool/base.py", line 712, in checkout
    rec = pool._do_get()
  File "/Users/ewherheakpesir/Documents/Evvent-api/venv/lib/python3.14/site-packages/sqlalchemy/pool/impl.py", line 178, in _do_get
    with util.safe_reraise():
         ~~~~~~~~~~~~~~~~~^^
  File "/Users/ewherheakpesir/Documents/Evvent-api/venv/lib/python3.14/site-packages/sqlalchemy/util/langhelpers.py", line 122, in __exit__
    raise exc_value.with_traceback(exc_tb)
  File "/Users/ewherheakpesir/Documents/Evvent-api/venv/lib/python3.14/site-packages/sqlalchemy/pool/impl.py", line 176, in _do_get
    return self._create_connection()
           ~~~~~~~~~~~~~~~~~~~~~~~^^
  File "/Users/ewherheakpesir/Documents/Evvent-api/venv/lib/python3.14/site-packages/sqlalchemy/pool/base.py", line 389, in _create_connection
    return _ConnectionRecord(self)
  File "/Users/ewherheakpesir/Documents/Evvent-api/venv/lib/python3.14/site-packages/sqlalchemy/pool/base.py", line 674, in __init__
    self.__connect()
    ~~~~~~~~~~~~~~^^
  File "/Users/ewherheakpesir/Documents/Evvent-api/venv/lib/python3.14/site-packages/sqlalchemy/pool/base.py", line 900, in __connect
    with util.safe_reraise():
         ~~~~~~~~~~~~~~~~~^^
  File "/Users/ewherheakpesir/Documents/Evvent-api/venv/lib/python3.14/site-packages/sqlalchemy/util/langhelpers.py", line 122, in __exit__
    raise exc_value.with_traceback(exc_tb)
  File "/Users/ewherheakpesir/Documents/Evvent-api/venv/lib/python3.14/site-packages/sqlalchemy/pool/base.py", line 896, in __connect
    self.dbapi_connection = connection = pool._invoke_creator(self)
                                         ~~~~~~~~~~~~~~~~~~~~^^^^^^
  File "/Users/ewherheakpesir/Documents/Evvent-api/venv/lib/python3.14/site-packages/sqlalchemy/engine/create.py", line 667, in connect
    return dialect.connect(*cargs_tup, **cparams)
           ~~~~~~~~~~~~~~~^^^^^^^^^^^^^^^^^^^^^^^
  File "/Users/ewherheakpesir/Documents/Evvent-api/venv/lib/python3.14/site-packages/sqlalchemy/engine/default.py", line 630, in connect
    return self.loaded_dbapi.connect(*cargs, **cparams)  # type: ignore[no-any-return]  # NOQA: E501
           ~~~~~~~~~~~~~~~~~~~~~~~~~^^^^^^^^^^^^^^^^^^^
  File "/Users/ewherheakpesir/Documents/Evvent-api/venv/lib/python3.14/site-packages/psycopg2/__init__.py", line 122, in connect
    conn = _connect(dsn, connection_factory=connection_factory, **kwasync)
psycopg2.OperationalError: connection to server at "localhost" (::1), port 5433 failed: Connection refused
	Is the server running on that host and accepting TCP/IP connections?
connection to server at "localhost" (127.0.0.1), port 5433 failed: Connection refused
	Is the server running on that host and accepting TCP/IP connections?


The above exception was the direct cause of the following exception:

Traceback (most recent call last):
  File "/Users/ewherheakpesir/Documents/Evvent-api/venv/lib/python3.14/site-packages/starlette/_exception_handler.py", line 42, in wrapped_app
    await app(scope, receive, sender)
  File "/Users/ewherheakpesir/Documents/Evvent-api/venv/lib/python3.14/site-packages/fastapi/routing.py", line 144, in app
    response = await f(request)
               ^^^^^^^^^^^^^^^^
  File "/Users/ewherheakpesir/Documents/Evvent-api/venv/lib/python3.14/site-packages/fastapi/routing.py", line 706, in app
    raw_response = await run_endpoint_function(
                   ^^^^^^^^^^^^^^^^^^^^^^^^^^^^
    ...<3 lines>...
    )
    ^
  File "/Users/ewherheakpesir/Documents/Evvent-api/venv/lib/python3.14/site-packages/fastapi/routing.py", line 354, in run_endpoint_function
    return await run_in_threadpool(dependant.call, **values)
           ^^^^^^^^^^^^^^^^^^^^^^^^^^^^^^^^^^^^^^^^^^^^^^^^^
  File "/Users/ewherheakpesir/Documents/Evvent-api/venv/lib/python3.14/site-packages/starlette/concurrency.py", line 34, in run_in_threadpool
    return await anyio.to_thread.run_sync(func)
           ^^^^^^^^^^^^^^^^^^^^^^^^^^^^^^^^^^^^
  File "/Users/ewherheakpesir/Documents/Evvent-api/venv/lib/python3.14/site-packages/anyio/to_thread.py", line 65, in run_sync
    return await get_async_backend().run_sync_in_worker_thread(
           ^^^^^^^^^^^^^^^^^^^^^^^^^^^^^^^^^^^^^^^^^^^^^^^^^^^^
        func, args, abandon_on_cancel=abandon_on_cancel, limiter=limiter
        ^^^^^^^^^^^^^^^^^^^^^^^^^^^^^^^^^^^^^^^^^^^^^^^^^^^^^^^^^^^^^^^^
    )
    ^
  File "/Users/ewherheakpesir/Documents/Evvent-api/venv/lib/python3.14/site-packages/anyio/_backends/_asyncio.py", line 2641, in run_sync_in_worker_thread
    return await future
           ^^^^^^^^^^^^
  File "/Users/ewherheakpesir/Documents/Evvent-api/venv/lib/python3.14/site-packages/anyio/_backends/_asyncio.py", line 1033, in run
    result = context.run(func, *args)
  File "/Users/ewherheakpesir/Documents/Evvent-api/auth/controller.py", line 39, in register
    user = register_user(session, **data.model_dump())
  File "/Users/ewherheakpesir/Documents/Evvent-api/auth/services.py", line 42, in register_user
    if session.exec(select(User).where(User.email == email)).first():
       ~~~~~~~~~~~~^^^^^^^^^^^^^^^^^^^^^^^^^^^^^^^^^^^^^^^^^
  File "/Users/ewherheakpesir/Documents/Evvent-api/venv/lib/python3.14/site-packages/sqlmodel/orm/session.py", line 75, in exec
    results = super().execute(
        statement,
    ...<4 lines>...
        _add_event=_add_event,
    )
  File "/Users/ewherheakpesir/Documents/Evvent-api/venv/lib/python3.14/site-packages/sqlalchemy/orm/session.py", line 2373, in execute
    return self._execute_internal(
           ~~~~~~~~~~~~~~~~~~~~~~^
        statement,
        ^^^^^^^^^^
    ...<4 lines>...
        _add_event=_add_event,
        ^^^^^^^^^^^^^^^^^^^^^^
    )
    ^
  File "/Users/ewherheakpesir/Documents/Evvent-api/venv/lib/python3.14/site-packages/sqlalchemy/orm/session.py", line 2261, in _execute_internal
    conn = self._connection_for_bind(bind)
  File "/Users/ewherheakpesir/Documents/Evvent-api/venv/lib/python3.14/site-packages/sqlalchemy/orm/session.py", line 2113, in _connection_for_bind
    return trans._connection_for_bind(engine, execution_options)
           ~~~~~~~~~~~~~~~~~~~~~~~~~~^^^^^^^^^^^^^^^^^^^^^^^^^^^
  File "<string>", line 2, in _connection_for_bind
  File "/Users/ewherheakpesir/Documents/Evvent-api/venv/lib/python3.14/site-packages/sqlalchemy/orm/state_changes.py", line 137, in _go
    ret_value = fn(self, *arg, **kw)
  File "/Users/ewherheakpesir/Documents/Evvent-api/venv/lib/python3.14/site-packages/sqlalchemy/orm/session.py", line 1191, in _connection_for_bind
    conn = bind.connect()
  File "/Users/ewherheakpesir/Documents/Evvent-api/venv/lib/python3.14/site-packages/sqlalchemy/engine/base.py", line 3295, in connect
    return self._connection_cls(self)
           ~~~~~~~~~~~~~~~~~~~~^^^^^^
  File "/Users/ewherheakpesir/Documents/Evvent-api/venv/lib/python3.14/site-packages/sqlalchemy/engine/base.py", line 146, in __init__
    Connection._handle_dbapi_exception_noconnection(
    ~~~~~~~~~~~~~~~~~~~~~~~~~~~~~~~~~~~~~~~~~~~~~~~^
        err, dialect, engine
        ^^^^^^^^^^^^^^^^^^^^
    )
    ^
  File "/Users/ewherheakpesir/Documents/Evvent-api/venv/lib/python3.14/site-packages/sqlalchemy/engine/base.py", line 2450, in _handle_dbapi_exception_noconnection
    raise sqlalchemy_exception.with_traceback(exc_info[2]) from e
  File "/Users/ewherheakpesir/Documents/Evvent-api/venv/lib/python3.14/site-packages/sqlalchemy/engine/base.py", line 144, in __init__
    self._dbapi_connection = engine.raw_connection()
                             ~~~~~~~~~~~~~~~~~~~~~^^
  File "/Users/ewherheakpesir/Documents/Evvent-api/venv/lib/python3.14/site-packages/sqlalchemy/engine/base.py", line 3319, in raw_connection
    return self.pool.connect()
           ~~~~~~~~~~~~~~~~~^^
  File "/Users/ewherheakpesir/Documents/Evvent-api/venv/lib/python3.14/site-packages/sqlalchemy/pool/base.py", line 448, in connect
    return _ConnectionFairy._checkout(self)
           ~~~~~~~~~~~~~~~~~~~~~~~~~~^^^^^^
  File "/Users/ewherheakpesir/Documents/Evvent-api/venv/lib/python3.14/site-packages/sqlalchemy/pool/base.py", line 1272, in _checkout
    fairy = _ConnectionRecord.checkout(pool)
  File "/Users/ewherheakpesir/Documents/Evvent-api/venv/lib/python3.14/site-packages/sqlalchemy/pool/base.py", line 712, in checkout
    rec = pool._do_get()
  File "/Users/ewherheakpesir/Documents/Evvent-api/venv/lib/python3.14/site-packages/sqlalchemy/pool/impl.py", line 178, in _do_get
    with util.safe_reraise():
         ~~~~~~~~~~~~~~~~~^^
  File "/Users/ewherheakpesir/Documents/Evvent-api/venv/lib/python3.14/site-packages/sqlalchemy/util/langhelpers.py", line 122, in __exit__
    raise exc_value.with_traceback(exc_tb)
  File "/Users/ewherheakpesir/Documents/Evvent-api/venv/lib/python3.14/site-packages/sqlalchemy/pool/impl.py", line 176, in _do_get
    return self._create_connection()
           ~~~~~~~~~~~~~~~~~~~~~~~^^
  File "/Users/ewherheakpesir/Documents/Evvent-api/venv/lib/python3.14/site-packages/sqlalchemy/pool/base.py", line 389, in _create_connection
    return _ConnectionRecord(self)
  File "/Users/ewherheakpesir/Documents/Evvent-api/venv/lib/python3.14/site-packages/sqlalchemy/pool/base.py", line 674, in __init__
    self.__connect()
    ~~~~~~~~~~~~~~^^
  File "/Users/ewherheakpesir/Documents/Evvent-api/venv/lib/python3.14/site-packages/sqlalchemy/pool/base.py", line 900, in __connect
    with util.safe_reraise():
         ~~~~~~~~~~~~~~~~~^^
  File "/Users/ewherheakpesir/Documents/Evvent-api/venv/lib/python3.14/site-packages/sqlalchemy/util/langhelpers.py", line 122, in __exit__
    raise exc_value.with_traceback(exc_tb)
  File "/Users/ewherheakpesir/Documents/Evvent-api/venv/lib/python3.14/site-packages/sqlalchemy/pool/base.py", line 896, in __connect
    self.dbapi_connection = connection = pool._invoke_creator(self)
                                         ~~~~~~~~~~~~~~~~~~~~^^^^^^
  File "/Users/ewherheakpesir/Documents/Evvent-api/venv/lib/python3.14/site-packages/sqlalchemy/engine/create.py", line 667, in connect
    return dialect.connect(*cargs_tup, **cparams)
           ~~~~~~~~~~~~~~~^^^^^^^^^^^^^^^^^^^^^^^
  File "/Users/ewherheakpesir/Documents/Evvent-api/venv/lib/python3.14/site-packages/sqlalchemy/engine/default.py", line 630, in connect
    return self.loaded_dbapi.connect(*cargs, **cparams)  # type: ignore[no-any-return]  # NOQA: E501
           ~~~~~~~~~~~~~~~~~~~~~~~~~^^^^^^^^^^^^^^^^^^^
  File "/Users/ewherheakpesir/Documents/Evvent-api/venv/lib/python3.14/site-packages/psycopg2/__init__.py", line 122, in connect
    conn = _connect(dsn, connection_factory=connection_factory, **kwasync)
sqlalchemy.exc.OperationalError: (psycopg2.OperationalError) connection to server at "localhost" (::1), port 5433 failed: Connection refused
	Is the server running on that host and accepting TCP/IP connections?
connection to server at "localhost" (127.0.0.1), port 5433 failed: Connection refused
	Is the server running on that host and accepting TCP/IP connections?

(Background on this error at: https://sqlalche.me/e/20/e3q8)
2026-09-25 09:44:24,981 - INFO - event_ticketing - POST /auth/register -> 500 (39.9ms)
2026-09-25 09:44:33,733 - INFO - event_ticketing - Application shutdown
2026-09-25 09:44:40,899 - INFO - event_ticketing - Application startup complete
2026-09-25 09:44:55,788 - INFO - event_ticketing - GET / -> 200 (112.5ms)
2026-09-25 09:44:55,877 - INFO - event_ticketing - GET /favicon.ico -> 404 (7.4ms)
2026-09-25 09:45:01,417 - INFO - event_ticketing - GET /docs -> 200 (0.6ms)
2026-09-25 09:45:02,353 - INFO - event_ticketing - GET /openapi.json -> 200 (459.9ms)
2026-09-25 09:46:23,972 - INFO - event_ticketing - POST /auth/register -> 404 (8674.5ms)
2026-09-25 09:51:10,960 - INFO - event_ticketing - POST /auth/register -> 404 (1779.3ms)
2026-09-25 09:53:58,994 - INFO - event_ticketing - POST /auth/register -> 404 (1916.5ms)
2026-09-25 09:54:13,328 - INFO - event_ticketing - POST /auth/register -> 404 (2126.6ms)
2026-09-25 09:54:51,631 - INFO - event_ticketing - POST /auth/register -> 404 (1906.6ms)
2026-09-25 09:58:07,197 - INFO - event_ticketing - GET /categories/ -> 200 (690.1ms)
2026-09-25 10:03:28,740 - INFO - event_ticketing - Application shutdown
2026-09-25 10:03:35,991 - INFO - event_ticketing - Application startup complete
2026-09-25 10:03:36,614 - INFO - event_ticketing - Application shutdown
2026-09-25 10:03:40,139 - INFO - event_ticketing - Application startup complete
2026-09-25 10:30:18,815 - INFO - event_ticketing - Application shutdown
2026-09-25 10:30:23,829 - INFO - event_ticketing - Application startup complete
2026-09-25 10:31:03,405 - INFO - event_ticketing - Application shutdown
2026-09-25 10:31:09,122 - INFO - event_ticketing - Application startup complete
2026-09-25 10:31:17,812 - INFO - event_ticketing - Application shutdown
2026-09-25 10:31:21,201 - INFO - event_ticketing - Application startup complete
2026-09-25 10:35:09,890 - INFO - event_ticketing - Application shutdown
2026-09-25 10:35:15,762 - INFO - event_ticketing - Application startup complete
2026-09-25 10:36:57,466 - INFO - event_ticketing - Application shutdown
2026-09-25 10:37:01,830 - INFO - event_ticketing - Application startup complete
2026-09-25 10:50:40,124 - INFO - event_ticketing - GET /categories/ -> 200 (4542.6ms)
2026-09-25 10:51:24,648 - INFO - event_ticketing - POST /auth/register -> 404 (1941.2ms)
2026-09-25 10:51:58,026 - ERROR - event_ticketing - Database error on POST /auth/register: (psycopg2.errors.UndefinedTable) relation "user_category_preferences" does not exist
LINE 2: FROM user_category_preferences 
             ^

[SQL: SELECT user_category_preferences.user_id, user_category_preferences.category_id, user_category_preferences.created_at 
FROM user_category_preferences 
WHERE user_category_preferences.user_id = %(user_id_1)s::UUID]
[parameters: {'user_id_1': UUID('807cf155-d21b-40c8-a198-10df65088769')}]
(Background on this error at: https://sqlalche.me/e/20/f405)
Traceback (most recent call last):
  File "/Users/ewherheakpesir/Documents/Evvent-api/venv/lib/python3.14/site-packages/sqlalchemy/engine/base.py", line 1969, in _exec_single_context
    self.dialect.do_execute(
    ~~~~~~~~~~~~~~~~~~~~~~~^
        cursor, str_statement, effective_parameters, context
        ^^^^^^^^^^^^^^^^^^^^^^^^^^^^^^^^^^^^^^^^^^^^^^^^^^^^
    )
    ^
  File "/Users/ewherheakpesir/Documents/Evvent-api/venv/lib/python3.14/site-packages/sqlalchemy/engine/default.py", line 952, in do_execute
    cursor.execute(statement, parameters)
    ~~~~~~~~~~~~~~^^^^^^^^^^^^^^^^^^^^^^^
psycopg2.errors.UndefinedTable: relation "user_category_preferences" does not exist
LINE 2: FROM user_category_preferences 
             ^


The above exception was the direct cause of the following exception:

Traceback (most recent call last):
  File "/Users/ewherheakpesir/Documents/Evvent-api/venv/lib/python3.14/site-packages/starlette/_exception_handler.py", line 42, in wrapped_app
    await app(scope, receive, sender)
  File "/Users/ewherheakpesir/Documents/Evvent-api/venv/lib/python3.14/site-packages/fastapi/routing.py", line 144, in app
    response = await f(request)
               ^^^^^^^^^^^^^^^^
  File "/Users/ewherheakpesir/Documents/Evvent-api/venv/lib/python3.14/site-packages/fastapi/routing.py", line 706, in app
    raw_response = await run_endpoint_function(
                   ^^^^^^^^^^^^^^^^^^^^^^^^^^^^
    ...<3 lines>...
    )
    ^
  File "/Users/ewherheakpesir/Documents/Evvent-api/venv/lib/python3.14/site-packages/fastapi/routing.py", line 354, in run_endpoint_function
    return await run_in_threadpool(dependant.call, **values)
           ^^^^^^^^^^^^^^^^^^^^^^^^^^^^^^^^^^^^^^^^^^^^^^^^^
  File "/Users/ewherheakpesir/Documents/Evvent-api/venv/lib/python3.14/site-packages/starlette/concurrency.py", line 34, in run_in_threadpool
    return await anyio.to_thread.run_sync(func)
           ^^^^^^^^^^^^^^^^^^^^^^^^^^^^^^^^^^^^
  File "/Users/ewherheakpesir/Documents/Evvent-api/venv/lib/python3.14/site-packages/anyio/to_thread.py", line 65, in run_sync
    return await get_async_backend().run_sync_in_worker_thread(
           ^^^^^^^^^^^^^^^^^^^^^^^^^^^^^^^^^^^^^^^^^^^^^^^^^^^^
        func, args, abandon_on_cancel=abandon_on_cancel, limiter=limiter
        ^^^^^^^^^^^^^^^^^^^^^^^^^^^^^^^^^^^^^^^^^^^^^^^^^^^^^^^^^^^^^^^^
    )
    ^
  File "/Users/ewherheakpesir/Documents/Evvent-api/venv/lib/python3.14/site-packages/anyio/_backends/_asyncio.py", line 2641, in run_sync_in_worker_thread
    return await future
           ^^^^^^^^^^^^
  File "/Users/ewherheakpesir/Documents/Evvent-api/venv/lib/python3.14/site-packages/anyio/_backends/_asyncio.py", line 1033, in run
    result = context.run(func, *args)
  File "/Users/ewherheakpesir/Documents/Evvent-api/auth/controller.py", line 39, in register
    user = register_user(session, **data.model_dump())
  File "/Users/ewherheakpesir/Documents/Evvent-api/auth/services.py", line 57, in register_user
    set_user_category_preferences(session, user, category_ids)
    ~~~~~~~~~~~~~~~~~~~~~~~~~~~~~^^^^^^^^^^^^^^^^^^^^^^^^^^^^^
  File "/Users/ewherheakpesir/Documents/Evvent-api/event/services.py", line 57, in set_user_category_preferences
    for link in session.exec(
                ~~~~~~~~~~~~^
        select(UserCategoryPreference).where(UserCategoryPreference.user_id == user.uuid)
        ^^^^^^^^^^^^^^^^^^^^^^^^^^^^^^^^^^^^^^^^^^^^^^^^^^^^^^^^^^^^^^^^^^^^^^^^^^^^^^^^^
    ).all():
    ^
  File "/Users/ewherheakpesir/Documents/Evvent-api/venv/lib/python3.14/site-packages/sqlmodel/orm/session.py", line 75, in exec
    results = super().execute(
        statement,
    ...<4 lines>...
        _add_event=_add_event,
    )
  File "/Users/ewherheakpesir/Documents/Evvent-api/venv/lib/python3.14/site-packages/sqlalchemy/orm/session.py", line 2373, in execute
    return self._execute_internal(
           ~~~~~~~~~~~~~~~~~~~~~~^
        statement,
        ^^^^^^^^^^
    ...<4 lines>...
        _add_event=_add_event,
        ^^^^^^^^^^^^^^^^^^^^^^
    )
    ^
  File "/Users/ewherheakpesir/Documents/Evvent-api/venv/lib/python3.14/site-packages/sqlalchemy/orm/session.py", line 2271, in _execute_internal
    result: Result[Any] = compile_state_cls.orm_execute_statement(
                          ~~~~~~~~~~~~~~~~~~~~~~~~~~~~~~~~~~~~~~~^
        self,
        ^^^^^
    ...<4 lines>...
        conn,
        ^^^^^
    )
    ^
  File "/Users/ewherheakpesir/Documents/Evvent-api/venv/lib/python3.14/site-packages/sqlalchemy/orm/context.py", line 306, in orm_execute_statement
    result = conn.execute(
        statement, params or {}, execution_options=execution_options
    )
  File "/Users/ewherheakpesir/Documents/Evvent-api/venv/lib/python3.14/site-packages/sqlalchemy/engine/base.py", line 1421, in execute
    return meth(
        self,
        distilled_parameters,
        execution_options or NO_OPTIONS,
    )
  File "/Users/ewherheakpesir/Documents/Evvent-api/venv/lib/python3.14/site-packages/sqlalchemy/sql/elements.py", line 526, in _execute_on_connection
    return connection._execute_clauseelement(
           ~~~~~~~~~~~~~~~~~~~~~~~~~~~~~~~~~^
        self, distilled_params, execution_options
        ^^^^^^^^^^^^^^^^^^^^^^^^^^^^^^^^^^^^^^^^^
    )
    ^
  File "/Users/ewherheakpesir/Documents/Evvent-api/venv/lib/python3.14/site-packages/sqlalchemy/engine/base.py", line 1643, in _execute_clauseelement
    ret = self._execute_context(
        dialect,
    ...<8 lines>...
        cache_hit=cache_hit,
    )
  File "/Users/ewherheakpesir/Documents/Evvent-api/venv/lib/python3.14/site-packages/sqlalchemy/engine/base.py", line 1848, in _execute_context
    return self._exec_single_context(
           ~~~~~~~~~~~~~~~~~~~~~~~~~^
        dialect, context, statement, parameters
        ^^^^^^^^^^^^^^^^^^^^^^^^^^^^^^^^^^^^^^^
    )
    ^
  File "/Users/ewherheakpesir/Documents/Evvent-api/venv/lib/python3.14/site-packages/sqlalchemy/engine/base.py", line 1988, in _exec_single_context
    self._handle_dbapi_exception(
    ~~~~~~~~~~~~~~~~~~~~~~~~~~~~^
        e, str_statement, effective_parameters, cursor, context
        ^^^^^^^^^^^^^^^^^^^^^^^^^^^^^^^^^^^^^^^^^^^^^^^^^^^^^^^
    )
    ^
  File "/Users/ewherheakpesir/Documents/Evvent-api/venv/lib/python3.14/site-packages/sqlalchemy/engine/base.py", line 2365, in _handle_dbapi_exception
    raise sqlalchemy_exception.with_traceback(exc_info[2]) from e
  File "/Users/ewherheakpesir/Documents/Evvent-api/venv/lib/python3.14/site-packages/sqlalchemy/engine/base.py", line 1969, in _exec_single_context
    self.dialect.do_execute(
    ~~~~~~~~~~~~~~~~~~~~~~~^
        cursor, str_statement, effective_parameters, context
        ^^^^^^^^^^^^^^^^^^^^^^^^^^^^^^^^^^^^^^^^^^^^^^^^^^^^
    )
    ^
  File "/Users/ewherheakpesir/Documents/Evvent-api/venv/lib/python3.14/site-packages/sqlalchemy/engine/default.py", line 952, in do_execute
    cursor.execute(statement, parameters)
    ~~~~~~~~~~~~~~^^^^^^^^^^^^^^^^^^^^^^^
sqlalchemy.exc.ProgrammingError: (psycopg2.errors.UndefinedTable) relation "user_category_preferences" does not exist
LINE 2: FROM user_category_preferences 
             ^

[SQL: SELECT user_category_preferences.user_id, user_category_preferences.category_id, user_category_preferences.created_at 
FROM user_category_preferences 
WHERE user_category_preferences.user_id = %(user_id_1)s::UUID]
[parameters: {'user_id_1': UUID('807cf155-d21b-40c8-a198-10df65088769')}]
(Background on this error at: https://sqlalche.me/e/20/f405)
2026-09-25 10:51:58,068 - INFO - event_ticketing - POST /auth/register -> 500 (2786.5ms)
2026-09-25 10:56:26,384 - INFO - event_ticketing - POST /auth/register -> 422 (17.6ms)
2026-09-25 10:56:33,377 - INFO - event_ticketing - POST /auth/register -> 404 (3034.0ms)
2026-09-25 10:57:40,702 - INFO - event_ticketing - POST /categories/ -> 401 (5.6ms)
2026-09-25 10:57:44,605 - INFO - event_ticketing - POST /categories/ -> 401 (2.4ms)
2026-09-25 11:01:46,202 - WARNING - event_ticketing - Registration attempted for existing email john@example.com
2026-09-25 11:01:46,459 - INFO - event_ticketing - POST /auth/register -> 409 (1076.3ms)
2026-09-25 11:06:45,341 - INFO - event_ticketing - POST /auth/register -> 422 (2.2ms)
2026-09-25 11:11:55,509 - INFO - event_ticketing - POST /auth/register -> 422 (8.6ms)
2026-09-25 11:14:02,751 - INFO - event_ticketing - POST /auth/register -> 422 (3.3ms)
2026-09-25 11:26:21,717 - INFO - event_ticketing - Registered new UserRole.user 00e77b9d-df44-4e8c-b2ed-a4aa7d6d0e1c (ewherheakpesiri+23@gmail.com)
2026-09-25 11:26:21,735 - INFO - event_ticketing - POST /auth/register -> 201 (6852.8ms)
2026-09-25 11:26:27,308 - INFO - event_ticketing - welcome email sent to ewherheakpesiri+23@gmail.com
2026-09-25 11:27:49,563 - INFO - event_ticketing - PATCH /auth/me/role -> 401 (12.6ms)
2026-09-25 11:28:35,060 - INFO - event_ticketing - PATCH /auth/me/role -> 401 (4.1ms)
2026-09-25 11:30:25,487 - ERROR - event_ticketing - Database error on POST /auth/login: (psycopg2.errors.UndefinedTable) relation "refresh_tokens" does not exist
LINE 1: INSERT INTO refresh_tokens (uuid, user_id, token_hash, expir...
                    ^

[SQL: INSERT INTO refresh_tokens (uuid, user_id, token_hash, expires_at, revoked_at, created_at) VALUES (%(uuid)s::UUID, %(user_id)s::UUID, %(token_hash)s, %(expires_at)s, %(revoked_at)s, %(created_at)s)]
[parameters: {'uuid': UUID('5bb23307-9fca-43ae-8abc-62087de2de3a'), 'user_id': UUID('00e77b9d-df44-4e8c-b2ed-a4aa7d6d0e1c'), 'token_hash': '2cee6cd488126f9aa9a51071038724ea745b446a268d53a952ea6a6691d60fc4', 'expires_at': datetime.datetime(2026, 10, 25, 10, 30, 24, 725783), 'revoked_at': None, 'created_at': datetime.datetime(2026, 9, 25, 10, 30, 24, 727221)}]
(Background on this error at: https://sqlalche.me/e/20/f405)
Traceback (most recent call last):
  File "/Users/ewherheakpesir/Documents/Evvent-api/venv/lib/python3.14/site-packages/sqlalchemy/engine/base.py", line 1969, in _exec_single_context
    self.dialect.do_execute(
    ~~~~~~~~~~~~~~~~~~~~~~~^
        cursor, str_statement, effective_parameters, context
        ^^^^^^^^^^^^^^^^^^^^^^^^^^^^^^^^^^^^^^^^^^^^^^^^^^^^
    )
    ^
  File "/Users/ewherheakpesir/Documents/Evvent-api/venv/lib/python3.14/site-packages/sqlalchemy/engine/default.py", line 952, in do_execute
    cursor.execute(statement, parameters)
    ~~~~~~~~~~~~~~^^^^^^^^^^^^^^^^^^^^^^^
psycopg2.errors.UndefinedTable: relation "refresh_tokens" does not exist
LINE 1: INSERT INTO refresh_tokens (uuid, user_id, token_hash, expir...
                    ^


The above exception was the direct cause of the following exception:

Traceback (most recent call last):
  File "/Users/ewherheakpesir/Documents/Evvent-api/venv/lib/python3.14/site-packages/starlette/_exception_handler.py", line 42, in wrapped_app
    await app(scope, receive, sender)
  File "/Users/ewherheakpesir/Documents/Evvent-api/venv/lib/python3.14/site-packages/fastapi/routing.py", line 144, in app
    response = await f(request)
               ^^^^^^^^^^^^^^^^
  File "/Users/ewherheakpesir/Documents/Evvent-api/venv/lib/python3.14/site-packages/fastapi/routing.py", line 706, in app
    raw_response = await run_endpoint_function(
                   ^^^^^^^^^^^^^^^^^^^^^^^^^^^^
    ...<3 lines>...
    )
    ^
  File "/Users/ewherheakpesir/Documents/Evvent-api/venv/lib/python3.14/site-packages/fastapi/routing.py", line 354, in run_endpoint_function
    return await run_in_threadpool(dependant.call, **values)
           ^^^^^^^^^^^^^^^^^^^^^^^^^^^^^^^^^^^^^^^^^^^^^^^^^
  File "/Users/ewherheakpesir/Documents/Evvent-api/venv/lib/python3.14/site-packages/starlette/concurrency.py", line 34, in run_in_threadpool
    return await anyio.to_thread.run_sync(func)
           ^^^^^^^^^^^^^^^^^^^^^^^^^^^^^^^^^^^^
  File "/Users/ewherheakpesir/Documents/Evvent-api/venv/lib/python3.14/site-packages/anyio/to_thread.py", line 65, in run_sync
    return await get_async_backend().run_sync_in_worker_thread(
           ^^^^^^^^^^^^^^^^^^^^^^^^^^^^^^^^^^^^^^^^^^^^^^^^^^^^
        func, args, abandon_on_cancel=abandon_on_cancel, limiter=limiter
        ^^^^^^^^^^^^^^^^^^^^^^^^^^^^^^^^^^^^^^^^^^^^^^^^^^^^^^^^^^^^^^^^
    )
    ^
  File "/Users/ewherheakpesir/Documents/Evvent-api/venv/lib/python3.14/site-packages/anyio/_backends/_asyncio.py", line 2641, in run_sync_in_worker_thread
    return await future
           ^^^^^^^^^^^^
  File "/Users/ewherheakpesir/Documents/Evvent-api/venv/lib/python3.14/site-packages/anyio/_backends/_asyncio.py", line 1033, in run
    result = context.run(func, *args)
  File "/Users/ewherheakpesir/Documents/Evvent-api/auth/controller.py", line 71, in login
    refresh_token = create_refresh_token(session, user)
  File "/Users/ewherheakpesir/Documents/Evvent-api/auth/services.py", line 246, in create_refresh_token
    session.commit()
    ~~~~~~~~~~~~~~^^
  File "/Users/ewherheakpesir/Documents/Evvent-api/venv/lib/python3.14/site-packages/sqlalchemy/orm/session.py", line 2035, in commit
    trans.commit(_to_root=True)
    ~~~~~~~~~~~~^^^^^^^^^^^^^^^
  File "<string>", line 2, in commit
  File "/Users/ewherheakpesir/Documents/Evvent-api/venv/lib/python3.14/site-packages/sqlalchemy/orm/state_changes.py", line 137, in _go
    ret_value = fn(self, *arg, **kw)
  File "/Users/ewherheakpesir/Documents/Evvent-api/venv/lib/python3.14/site-packages/sqlalchemy/orm/session.py", line 1316, in commit
    self._prepare_impl()
    ~~~~~~~~~~~~~~~~~~^^
  File "<string>", line 2, in _prepare_impl
  File "/Users/ewherheakpesir/Documents/Evvent-api/venv/lib/python3.14/site-packages/sqlalchemy/orm/state_changes.py", line 137, in _go
    ret_value = fn(self, *arg, **kw)
  File "/Users/ewherheakpesir/Documents/Evvent-api/venv/lib/python3.14/site-packages/sqlalchemy/orm/session.py", line 1290, in _prepare_impl
    self.session.flush()
    ~~~~~~~~~~~~~~~~~~^^
  File "/Users/ewherheakpesir/Documents/Evvent-api/venv/lib/python3.14/site-packages/sqlalchemy/orm/session.py", line 4353, in flush
    self._flush(objects)
    ~~~~~~~~~~~^^^^^^^^^
  File "/Users/ewherheakpesir/Documents/Evvent-api/venv/lib/python3.14/site-packages/sqlalchemy/orm/session.py", line 4488, in _flush
    with util.safe_reraise():
         ~~~~~~~~~~~~~~~~~^^
  File "/Users/ewherheakpesir/Documents/Evvent-api/venv/lib/python3.14/site-packages/sqlalchemy/util/langhelpers.py", line 122, in __exit__
    raise exc_value.with_traceback(exc_tb)
  File "/Users/ewherheakpesir/Documents/Evvent-api/venv/lib/python3.14/site-packages/sqlalchemy/orm/session.py", line 4449, in _flush
    flush_context.execute()
    ~~~~~~~~~~~~~~~~~~~~~^^
  File "/Users/ewherheakpesir/Documents/Evvent-api/venv/lib/python3.14/site-packages/sqlalchemy/orm/unitofwork.py", line 465, in execute
    rec.execute(self)
    ~~~~~~~~~~~^^^^^^
  File "/Users/ewherheakpesir/Documents/Evvent-api/venv/lib/python3.14/site-packages/sqlalchemy/orm/unitofwork.py", line 641, in execute
    util.preloaded.orm_persistence.save_obj(
    ~~~~~~~~~~~~~~~~~~~~~~~~~~~~~~~~~~~~~~~^
        self.mapper,
        ^^^^^^^^^^^^
        uow.states_for_mapper_hierarchy(self.mapper, False, False),
        ^^^^^^^^^^^^^^^^^^^^^^^^^^^^^^^^^^^^^^^^^^^^^^^^^^^^^^^^^^^
        uow,
        ^^^^
    )
    ^
  File "/Users/ewherheakpesir/Documents/Evvent-api/venv/lib/python3.14/site-packages/sqlalchemy/orm/persistence.py", line 94, in save_obj
    _emit_insert_statements(
    ~~~~~~~~~~~~~~~~~~~~~~~^
        base_mapper,
        ^^^^^^^^^^^^
    ...<3 lines>...
        insert,
        ^^^^^^^
    )
    ^
  File "/Users/ewherheakpesir/Documents/Evvent-api/venv/lib/python3.14/site-packages/sqlalchemy/orm/persistence.py", line 1049, in _emit_insert_statements
    result = connection.execute(
        statement, multiparams, execution_options=execution_options
    )
  File "/Users/ewherheakpesir/Documents/Evvent-api/venv/lib/python3.14/site-packages/sqlalchemy/engine/base.py", line 1421, in execute
    return meth(
        self,
        distilled_parameters,
        execution_options or NO_OPTIONS,
    )
  File "/Users/ewherheakpesir/Documents/Evvent-api/venv/lib/python3.14/site-packages/sqlalchemy/sql/elements.py", line 526, in _execute_on_connection
    return connection._execute_clauseelement(
           ~~~~~~~~~~~~~~~~~~~~~~~~~~~~~~~~~^
        self, distilled_params, execution_options
        ^^^^^^^^^^^^^^^^^^^^^^^^^^^^^^^^^^^^^^^^^
    )
    ^
  File "/Users/ewherheakpesir/Documents/Evvent-api/venv/lib/python3.14/site-packages/sqlalchemy/engine/base.py", line 1643, in _execute_clauseelement
    ret = self._execute_context(
        dialect,
    ...<8 lines>...
        cache_hit=cache_hit,
    )
  File "/Users/ewherheakpesir/Documents/Evvent-api/venv/lib/python3.14/site-packages/sqlalchemy/engine/base.py", line 1848, in _execute_context
    return self._exec_single_context(
           ~~~~~~~~~~~~~~~~~~~~~~~~~^
        dialect, context, statement, parameters
        ^^^^^^^^^^^^^^^^^^^^^^^^^^^^^^^^^^^^^^^
    )
    ^
  File "/Users/ewherheakpesir/Documents/Evvent-api/venv/lib/python3.14/site-packages/sqlalchemy/engine/base.py", line 1988, in _exec_single_context
    self._handle_dbapi_exception(
    ~~~~~~~~~~~~~~~~~~~~~~~~~~~~^
        e, str_statement, effective_parameters, cursor, context
        ^^^^^^^^^^^^^^^^^^^^^^^^^^^^^^^^^^^^^^^^^^^^^^^^^^^^^^^
    )
    ^
  File "/Users/ewherheakpesir/Documents/Evvent-api/venv/lib/python3.14/site-packages/sqlalchemy/engine/base.py", line 2365, in _handle_dbapi_exception
    raise sqlalchemy_exception.with_traceback(exc_info[2]) from e
  File "/Users/ewherheakpesir/Documents/Evvent-api/venv/lib/python3.14/site-packages/sqlalchemy/engine/base.py", line 1969, in _exec_single_context
    self.dialect.do_execute(
    ~~~~~~~~~~~~~~~~~~~~~~~^
        cursor, str_statement, effective_parameters, context
        ^^^^^^^^^^^^^^^^^^^^^^^^^^^^^^^^^^^^^^^^^^^^^^^^^^^^
    )
    ^
  File "/Users/ewherheakpesir/Documents/Evvent-api/venv/lib/python3.14/site-packages/sqlalchemy/engine/default.py", line 952, in do_execute
    cursor.execute(statement, parameters)
    ~~~~~~~~~~~~~~^^^^^^^^^^^^^^^^^^^^^^^
sqlalchemy.exc.ProgrammingError: (psycopg2.errors.UndefinedTable) relation "refresh_tokens" does not exist
LINE 1: INSERT INTO refresh_tokens (uuid, user_id, token_hash, expir...
                    ^

[SQL: INSERT INTO refresh_tokens (uuid, user_id, token_hash, expires_at, revoked_at, created_at) VALUES (%(uuid)s::UUID, %(user_id)s::UUID, %(token_hash)s, %(expires_at)s, %(revoked_at)s, %(created_at)s)]
[parameters: {'uuid': UUID('5bb23307-9fca-43ae-8abc-62087de2de3a'), 'user_id': UUID('00e77b9d-df44-4e8c-b2ed-a4aa7d6d0e1c'), 'token_hash': '2cee6cd488126f9aa9a51071038724ea745b446a268d53a952ea6a6691d60fc4', 'expires_at': datetime.datetime(2026, 10, 25, 10, 30, 24, 725783), 'revoked_at': None, 'created_at': datetime.datetime(2026, 9, 25, 10, 30, 24, 727221)}]
(Background on this error at: https://sqlalche.me/e/20/f405)
2026-09-25 11:30:25,516 - INFO - event_ticketing - POST /auth/login -> 500 (1902.7ms)
2026-09-25 11:30:38,079 - ERROR - event_ticketing - Database error on POST /auth/login: (psycopg2.errors.UndefinedTable) relation "refresh_tokens" does not exist
LINE 1: INSERT INTO refresh_tokens (uuid, user_id, token_hash, expir...
                    ^

[SQL: INSERT INTO refresh_tokens (uuid, user_id, token_hash, expires_at, revoked_at, created_at) VALUES (%(uuid)s::UUID, %(user_id)s::UUID, %(token_hash)s, %(expires_at)s, %(revoked_at)s, %(created_at)s)]
[parameters: {'uuid': UUID('189722dd-8a3d-4ad3-8656-53766a969764'), 'user_id': UUID('00e77b9d-df44-4e8c-b2ed-a4aa7d6d0e1c'), 'token_hash': '11ed31c3c7f09a8fabf8a4a0b0ad7358a9d2049ed3ee09227f97b80984186dc5', 'expires_at': datetime.datetime(2026, 10, 25, 10, 30, 37, 379711), 'revoked_at': None, 'created_at': datetime.datetime(2026, 9, 25, 10, 30, 37, 380273)}]
(Background on this error at: https://sqlalche.me/e/20/f405)
Traceback (most recent call last):
  File "/Users/ewherheakpesir/Documents/Evvent-api/venv/lib/python3.14/site-packages/sqlalchemy/engine/base.py", line 1969, in _exec_single_context
    self.dialect.do_execute(
    ~~~~~~~~~~~~~~~~~~~~~~~^
        cursor, str_statement, effective_parameters, context
        ^^^^^^^^^^^^^^^^^^^^^^^^^^^^^^^^^^^^^^^^^^^^^^^^^^^^
    )
    ^
  File "/Users/ewherheakpesir/Documents/Evvent-api/venv/lib/python3.14/site-packages/sqlalchemy/engine/default.py", line 952, in do_execute
    cursor.execute(statement, parameters)
    ~~~~~~~~~~~~~~^^^^^^^^^^^^^^^^^^^^^^^
psycopg2.errors.UndefinedTable: relation "refresh_tokens" does not exist
LINE 1: INSERT INTO refresh_tokens (uuid, user_id, token_hash, expir...
                    ^


The above exception was the direct cause of the following exception:

Traceback (most recent call last):
  File "/Users/ewherheakpesir/Documents/Evvent-api/venv/lib/python3.14/site-packages/starlette/_exception_handler.py", line 42, in wrapped_app
    await app(scope, receive, sender)
  File "/Users/ewherheakpesir/Documents/Evvent-api/venv/lib/python3.14/site-packages/fastapi/routing.py", line 144, in app
    response = await f(request)
               ^^^^^^^^^^^^^^^^
  File "/Users/ewherheakpesir/Documents/Evvent-api/venv/lib/python3.14/site-packages/fastapi/routing.py", line 706, in app
    raw_response = await run_endpoint_function(
                   ^^^^^^^^^^^^^^^^^^^^^^^^^^^^
    ...<3 lines>...
    )
    ^
  File "/Users/ewherheakpesir/Documents/Evvent-api/venv/lib/python3.14/site-packages/fastapi/routing.py", line 354, in run_endpoint_function
    return await run_in_threadpool(dependant.call, **values)
           ^^^^^^^^^^^^^^^^^^^^^^^^^^^^^^^^^^^^^^^^^^^^^^^^^
  File "/Users/ewherheakpesir/Documents/Evvent-api/venv/lib/python3.14/site-packages/starlette/concurrency.py", line 34, in run_in_threadpool
    return await anyio.to_thread.run_sync(func)
           ^^^^^^^^^^^^^^^^^^^^^^^^^^^^^^^^^^^^
  File "/Users/ewherheakpesir/Documents/Evvent-api/venv/lib/python3.14/site-packages/anyio/to_thread.py", line 65, in run_sync
    return await get_async_backend().run_sync_in_worker_thread(
           ^^^^^^^^^^^^^^^^^^^^^^^^^^^^^^^^^^^^^^^^^^^^^^^^^^^^
        func, args, abandon_on_cancel=abandon_on_cancel, limiter=limiter
        ^^^^^^^^^^^^^^^^^^^^^^^^^^^^^^^^^^^^^^^^^^^^^^^^^^^^^^^^^^^^^^^^
    )
    ^
  File "/Users/ewherheakpesir/Documents/Evvent-api/venv/lib/python3.14/site-packages/anyio/_backends/_asyncio.py", line 2641, in run_sync_in_worker_thread
    return await future
           ^^^^^^^^^^^^
  File "/Users/ewherheakpesir/Documents/Evvent-api/venv/lib/python3.14/site-packages/anyio/_backends/_asyncio.py", line 1033, in run
    result = context.run(func, *args)
  File "/Users/ewherheakpesir/Documents/Evvent-api/auth/controller.py", line 71, in login
    refresh_token = create_refresh_token(session, user)
  File "/Users/ewherheakpesir/Documents/Evvent-api/auth/services.py", line 246, in create_refresh_token
    session.commit()
    ~~~~~~~~~~~~~~^^
  File "/Users/ewherheakpesir/Documents/Evvent-api/venv/lib/python3.14/site-packages/sqlalchemy/orm/session.py", line 2035, in commit
    trans.commit(_to_root=True)
    ~~~~~~~~~~~~^^^^^^^^^^^^^^^
  File "<string>", line 2, in commit
  File "/Users/ewherheakpesir/Documents/Evvent-api/venv/lib/python3.14/site-packages/sqlalchemy/orm/state_changes.py", line 137, in _go
    ret_value = fn(self, *arg, **kw)
  File "/Users/ewherheakpesir/Documents/Evvent-api/venv/lib/python3.14/site-packages/sqlalchemy/orm/session.py", line 1316, in commit
    self._prepare_impl()
    ~~~~~~~~~~~~~~~~~~^^
  File "<string>", line 2, in _prepare_impl
  File "/Users/ewherheakpesir/Documents/Evvent-api/venv/lib/python3.14/site-packages/sqlalchemy/orm/state_changes.py", line 137, in _go
    ret_value = fn(self, *arg, **kw)
  File "/Users/ewherheakpesir/Documents/Evvent-api/venv/lib/python3.14/site-packages/sqlalchemy/orm/session.py", line 1290, in _prepare_impl
    self.session.flush()
    ~~~~~~~~~~~~~~~~~~^^
  File "/Users/ewherheakpesir/Documents/Evvent-api/venv/lib/python3.14/site-packages/sqlalchemy/orm/session.py", line 4353, in flush
    self._flush(objects)
    ~~~~~~~~~~~^^^^^^^^^
  File "/Users/ewherheakpesir/Documents/Evvent-api/venv/lib/python3.14/site-packages/sqlalchemy/orm/session.py", line 4488, in _flush
    with util.safe_reraise():
         ~~~~~~~~~~~~~~~~~^^
  File "/Users/ewherheakpesir/Documents/Evvent-api/venv/lib/python3.14/site-packages/sqlalchemy/util/langhelpers.py", line 122, in __exit__
    raise exc_value.with_traceback(exc_tb)
  File "/Users/ewherheakpesir/Documents/Evvent-api/venv/lib/python3.14/site-packages/sqlalchemy/orm/session.py", line 4449, in _flush
    flush_context.execute()
    ~~~~~~~~~~~~~~~~~~~~~^^
  File "/Users/ewherheakpesir/Documents/Evvent-api/venv/lib/python3.14/site-packages/sqlalchemy/orm/unitofwork.py", line 465, in execute
    rec.execute(self)
    ~~~~~~~~~~~^^^^^^
  File "/Users/ewherheakpesir/Documents/Evvent-api/venv/lib/python3.14/site-packages/sqlalchemy/orm/unitofwork.py", line 641, in execute
    util.preloaded.orm_persistence.save_obj(
    ~~~~~~~~~~~~~~~~~~~~~~~~~~~~~~~~~~~~~~~^
        self.mapper,
        ^^^^^^^^^^^^
        uow.states_for_mapper_hierarchy(self.mapper, False, False),
        ^^^^^^^^^^^^^^^^^^^^^^^^^^^^^^^^^^^^^^^^^^^^^^^^^^^^^^^^^^^
        uow,
        ^^^^
    )
    ^
  File "/Users/ewherheakpesir/Documents/Evvent-api/venv/lib/python3.14/site-packages/sqlalchemy/orm/persistence.py", line 94, in save_obj
    _emit_insert_statements(
    ~~~~~~~~~~~~~~~~~~~~~~~^
        base_mapper,
        ^^^^^^^^^^^^
    ...<3 lines>...
        insert,
        ^^^^^^^
    )
    ^
  File "/Users/ewherheakpesir/Documents/Evvent-api/venv/lib/python3.14/site-packages/sqlalchemy/orm/persistence.py", line 1049, in _emit_insert_statements
    result = connection.execute(
        statement, multiparams, execution_options=execution_options
    )
  File "/Users/ewherheakpesir/Documents/Evvent-api/venv/lib/python3.14/site-packages/sqlalchemy/engine/base.py", line 1421, in execute
    return meth(
        self,
        distilled_parameters,
        execution_options or NO_OPTIONS,
    )
  File "/Users/ewherheakpesir/Documents/Evvent-api/venv/lib/python3.14/site-packages/sqlalchemy/sql/elements.py", line 526, in _execute_on_connection
    return connection._execute_clauseelement(
           ~~~~~~~~~~~~~~~~~~~~~~~~~~~~~~~~~^
        self, distilled_params, execution_options
        ^^^^^^^^^^^^^^^^^^^^^^^^^^^^^^^^^^^^^^^^^
    )
    ^
  File "/Users/ewherheakpesir/Documents/Evvent-api/venv/lib/python3.14/site-packages/sqlalchemy/engine/base.py", line 1643, in _execute_clauseelement
    ret = self._execute_context(
        dialect,
    ...<8 lines>...
        cache_hit=cache_hit,
    )
  File "/Users/ewherheakpesir/Documents/Evvent-api/venv/lib/python3.14/site-packages/sqlalchemy/engine/base.py", line 1848, in _execute_context
    return self._exec_single_context(
           ~~~~~~~~~~~~~~~~~~~~~~~~~^
        dialect, context, statement, parameters
        ^^^^^^^^^^^^^^^^^^^^^^^^^^^^^^^^^^^^^^^
    )
    ^
  File "/Users/ewherheakpesir/Documents/Evvent-api/venv/lib/python3.14/site-packages/sqlalchemy/engine/base.py", line 1988, in _exec_single_context
    self._handle_dbapi_exception(
    ~~~~~~~~~~~~~~~~~~~~~~~~~~~~^
        e, str_statement, effective_parameters, cursor, context
        ^^^^^^^^^^^^^^^^^^^^^^^^^^^^^^^^^^^^^^^^^^^^^^^^^^^^^^^
    )
    ^
  File "/Users/ewherheakpesir/Documents/Evvent-api/venv/lib/python3.14/site-packages/sqlalchemy/engine/base.py", line 2365, in _handle_dbapi_exception
    raise sqlalchemy_exception.with_traceback(exc_info[2]) from e
  File "/Users/ewherheakpesir/Documents/Evvent-api/venv/lib/python3.14/site-packages/sqlalchemy/engine/base.py", line 1969, in _exec_single_context
    self.dialect.do_execute(
    ~~~~~~~~~~~~~~~~~~~~~~~^
        cursor, str_statement, effective_parameters, context
        ^^^^^^^^^^^^^^^^^^^^^^^^^^^^^^^^^^^^^^^^^^^^^^^^^^^^
    )
    ^
  File "/Users/ewherheakpesir/Documents/Evvent-api/venv/lib/python3.14/site-packages/sqlalchemy/engine/default.py", line 952, in do_execute
    cursor.execute(statement, parameters)
    ~~~~~~~~~~~~~~^^^^^^^^^^^^^^^^^^^^^^^
sqlalchemy.exc.ProgrammingError: (psycopg2.errors.UndefinedTable) relation "refresh_tokens" does not exist
LINE 1: INSERT INTO refresh_tokens (uuid, user_id, token_hash, expir...
                    ^

[SQL: INSERT INTO refresh_tokens (uuid, user_id, token_hash, expires_at, revoked_at, created_at) VALUES (%(uuid)s::UUID, %(user_id)s::UUID, %(token_hash)s, %(expires_at)s, %(revoked_at)s, %(created_at)s)]
[parameters: {'uuid': UUID('189722dd-8a3d-4ad3-8656-53766a969764'), 'user_id': UUID('00e77b9d-df44-4e8c-b2ed-a4aa7d6d0e1c'), 'token_hash': '11ed31c3c7f09a8fabf8a4a0b0ad7358a9d2049ed3ee09227f97b80984186dc5', 'expires_at': datetime.datetime(2026, 10, 25, 10, 30, 37, 379711), 'revoked_at': None, 'created_at': datetime.datetime(2026, 9, 25, 10, 30, 37, 380273)}]
(Background on this error at: https://sqlalche.me/e/20/f405)
2026-09-25 11:30:38,089 - INFO - event_ticketing - POST /auth/login -> 500 (2077.2ms)
2026-09-25 11:32:53,038 - ERROR - event_ticketing - Database error on POST /auth/login: (psycopg2.errors.UndefinedTable) relation "refresh_tokens" does not exist
LINE 1: INSERT INTO refresh_tokens (uuid, user_id, token_hash, expir...
                    ^

[SQL: INSERT INTO refresh_tokens (uuid, user_id, token_hash, expires_at, revoked_at, created_at) VALUES (%(uuid)s::UUID, %(user_id)s::UUID, %(token_hash)s, %(expires_at)s, %(revoked_at)s, %(created_at)s)]
[parameters: {'uuid': UUID('c9d34365-3055-4871-b87a-198bc70785f6'), 'user_id': UUID('00e77b9d-df44-4e8c-b2ed-a4aa7d6d0e1c'), 'token_hash': '7ebdaa5ad5172f18383b959b4ad4f2fce575f91dec7d632c8db51d973a479359', 'expires_at': datetime.datetime(2026, 10, 25, 10, 32, 52, 441514), 'revoked_at': None, 'created_at': datetime.datetime(2026, 9, 25, 10, 32, 52, 442041)}]
(Background on this error at: https://sqlalche.me/e/20/f405)
Traceback (most recent call last):
  File "/Users/ewherheakpesir/Documents/Evvent-api/venv/lib/python3.14/site-packages/sqlalchemy/engine/base.py", line 1969, in _exec_single_context
    self.dialect.do_execute(
    ~~~~~~~~~~~~~~~~~~~~~~~^
        cursor, str_statement, effective_parameters, context
        ^^^^^^^^^^^^^^^^^^^^^^^^^^^^^^^^^^^^^^^^^^^^^^^^^^^^
    )
    ^
  File "/Users/ewherheakpesir/Documents/Evvent-api/venv/lib/python3.14/site-packages/sqlalchemy/engine/default.py", line 952, in do_execute
    cursor.execute(statement, parameters)
    ~~~~~~~~~~~~~~^^^^^^^^^^^^^^^^^^^^^^^
psycopg2.errors.UndefinedTable: relation "refresh_tokens" does not exist
LINE 1: INSERT INTO refresh_tokens (uuid, user_id, token_hash, expir...
                    ^


The above exception was the direct cause of the following exception:

Traceback (most recent call last):
  File "/Users/ewherheakpesir/Documents/Evvent-api/venv/lib/python3.14/site-packages/starlette/_exception_handler.py", line 42, in wrapped_app
    await app(scope, receive, sender)
  File "/Users/ewherheakpesir/Documents/Evvent-api/venv/lib/python3.14/site-packages/fastapi/routing.py", line 144, in app
    response = await f(request)
               ^^^^^^^^^^^^^^^^
  File "/Users/ewherheakpesir/Documents/Evvent-api/venv/lib/python3.14/site-packages/fastapi/routing.py", line 706, in app
    raw_response = await run_endpoint_function(
                   ^^^^^^^^^^^^^^^^^^^^^^^^^^^^
    ...<3 lines>...
    )
    ^
  File "/Users/ewherheakpesir/Documents/Evvent-api/venv/lib/python3.14/site-packages/fastapi/routing.py", line 354, in run_endpoint_function
    return await run_in_threadpool(dependant.call, **values)
           ^^^^^^^^^^^^^^^^^^^^^^^^^^^^^^^^^^^^^^^^^^^^^^^^^
  File "/Users/ewherheakpesir/Documents/Evvent-api/venv/lib/python3.14/site-packages/starlette/concurrency.py", line 34, in run_in_threadpool
    return await anyio.to_thread.run_sync(func)
           ^^^^^^^^^^^^^^^^^^^^^^^^^^^^^^^^^^^^
  File "/Users/ewherheakpesir/Documents/Evvent-api/venv/lib/python3.14/site-packages/anyio/to_thread.py", line 65, in run_sync
    return await get_async_backend().run_sync_in_worker_thread(
           ^^^^^^^^^^^^^^^^^^^^^^^^^^^^^^^^^^^^^^^^^^^^^^^^^^^^
        func, args, abandon_on_cancel=abandon_on_cancel, limiter=limiter
        ^^^^^^^^^^^^^^^^^^^^^^^^^^^^^^^^^^^^^^^^^^^^^^^^^^^^^^^^^^^^^^^^
    )
    ^
  File "/Users/ewherheakpesir/Documents/Evvent-api/venv/lib/python3.14/site-packages/anyio/_backends/_asyncio.py", line 2641, in run_sync_in_worker_thread
    return await future
           ^^^^^^^^^^^^
  File "/Users/ewherheakpesir/Documents/Evvent-api/venv/lib/python3.14/site-packages/anyio/_backends/_asyncio.py", line 1033, in run
    result = context.run(func, *args)
  File "/Users/ewherheakpesir/Documents/Evvent-api/auth/controller.py", line 71, in login
    refresh_token = create_refresh_token(session, user)
  File "/Users/ewherheakpesir/Documents/Evvent-api/auth/services.py", line 246, in create_refresh_token
    session.commit()
    ~~~~~~~~~~~~~~^^
  File "/Users/ewherheakpesir/Documents/Evvent-api/venv/lib/python3.14/site-packages/sqlalchemy/orm/session.py", line 2035, in commit
    trans.commit(_to_root=True)
    ~~~~~~~~~~~~^^^^^^^^^^^^^^^
  File "<string>", line 2, in commit
  File "/Users/ewherheakpesir/Documents/Evvent-api/venv/lib/python3.14/site-packages/sqlalchemy/orm/state_changes.py", line 137, in _go
    ret_value = fn(self, *arg, **kw)
  File "/Users/ewherheakpesir/Documents/Evvent-api/venv/lib/python3.14/site-packages/sqlalchemy/orm/session.py", line 1316, in commit
    self._prepare_impl()
    ~~~~~~~~~~~~~~~~~~^^
  File "<string>", line 2, in _prepare_impl
  File "/Users/ewherheakpesir/Documents/Evvent-api/venv/lib/python3.14/site-packages/sqlalchemy/orm/state_changes.py", line 137, in _go
    ret_value = fn(self, *arg, **kw)
  File "/Users/ewherheakpesir/Documents/Evvent-api/venv/lib/python3.14/site-packages/sqlalchemy/orm/session.py", line 1290, in _prepare_impl
    self.session.flush()
    ~~~~~~~~~~~~~~~~~~^^
  File "/Users/ewherheakpesir/Documents/Evvent-api/venv/lib/python3.14/site-packages/sqlalchemy/orm/session.py", line 4353, in flush
    self._flush(objects)
    ~~~~~~~~~~~^^^^^^^^^
  File "/Users/ewherheakpesir/Documents/Evvent-api/venv/lib/python3.14/site-packages/sqlalchemy/orm/session.py", line 4488, in _flush
    with util.safe_reraise():
         ~~~~~~~~~~~~~~~~~^^
  File "/Users/ewherheakpesir/Documents/Evvent-api/venv/lib/python3.14/site-packages/sqlalchemy/util/langhelpers.py", line 122, in __exit__
    raise exc_value.with_traceback(exc_tb)
  File "/Users/ewherheakpesir/Documents/Evvent-api/venv/lib/python3.14/site-packages/sqlalchemy/orm/session.py", line 4449, in _flush
    flush_context.execute()
    ~~~~~~~~~~~~~~~~~~~~~^^
  File "/Users/ewherheakpesir/Documents/Evvent-api/venv/lib/python3.14/site-packages/sqlalchemy/orm/unitofwork.py", line 465, in execute
    rec.execute(self)
    ~~~~~~~~~~~^^^^^^
  File "/Users/ewherheakpesir/Documents/Evvent-api/venv/lib/python3.14/site-packages/sqlalchemy/orm/unitofwork.py", line 641, in execute
    util.preloaded.orm_persistence.save_obj(
    ~~~~~~~~~~~~~~~~~~~~~~~~~~~~~~~~~~~~~~~^
        self.mapper,
        ^^^^^^^^^^^^
        uow.states_for_mapper_hierarchy(self.mapper, False, False),
        ^^^^^^^^^^^^^^^^^^^^^^^^^^^^^^^^^^^^^^^^^^^^^^^^^^^^^^^^^^^
        uow,
        ^^^^
    )
    ^
  File "/Users/ewherheakpesir/Documents/Evvent-api/venv/lib/python3.14/site-packages/sqlalchemy/orm/persistence.py", line 94, in save_obj
    _emit_insert_statements(
    ~~~~~~~~~~~~~~~~~~~~~~~^
        base_mapper,
        ^^^^^^^^^^^^
    ...<3 lines>...
        insert,
        ^^^^^^^
    )
    ^
  File "/Users/ewherheakpesir/Documents/Evvent-api/venv/lib/python3.14/site-packages/sqlalchemy/orm/persistence.py", line 1049, in _emit_insert_statements
    result = connection.execute(
        statement, multiparams, execution_options=execution_options
    )
  File "/Users/ewherheakpesir/Documents/Evvent-api/venv/lib/python3.14/site-packages/sqlalchemy/engine/base.py", line 1421, in execute
    return meth(
        self,
        distilled_parameters,
        execution_options or NO_OPTIONS,
    )
  File "/Users/ewherheakpesir/Documents/Evvent-api/venv/lib/python3.14/site-packages/sqlalchemy/sql/elements.py", line 526, in _execute_on_connection
    return connection._execute_clauseelement(
           ~~~~~~~~~~~~~~~~~~~~~~~~~~~~~~~~~^
        self, distilled_params, execution_options
        ^^^^^^^^^^^^^^^^^^^^^^^^^^^^^^^^^^^^^^^^^
    )
    ^
  File "/Users/ewherheakpesir/Documents/Evvent-api/venv/lib/python3.14/site-packages/sqlalchemy/engine/base.py", line 1643, in _execute_clauseelement
    ret = self._execute_context(
        dialect,
    ...<8 lines>...
        cache_hit=cache_hit,
    )
  File "/Users/ewherheakpesir/Documents/Evvent-api/venv/lib/python3.14/site-packages/sqlalchemy/engine/base.py", line 1848, in _execute_context
    return self._exec_single_context(
           ~~~~~~~~~~~~~~~~~~~~~~~~~^
        dialect, context, statement, parameters
        ^^^^^^^^^^^^^^^^^^^^^^^^^^^^^^^^^^^^^^^
    )
    ^
  File "/Users/ewherheakpesir/Documents/Evvent-api/venv/lib/python3.14/site-packages/sqlalchemy/engine/base.py", line 1988, in _exec_single_context
    self._handle_dbapi_exception(
    ~~~~~~~~~~~~~~~~~~~~~~~~~~~~^
        e, str_statement, effective_parameters, cursor, context
        ^^^^^^^^^^^^^^^^^^^^^^^^^^^^^^^^^^^^^^^^^^^^^^^^^^^^^^^
    )
    ^
  File "/Users/ewherheakpesir/Documents/Evvent-api/venv/lib/python3.14/site-packages/sqlalchemy/engine/base.py", line 2365, in _handle_dbapi_exception
    raise sqlalchemy_exception.with_traceback(exc_info[2]) from e
  File "/Users/ewherheakpesir/Documents/Evvent-api/venv/lib/python3.14/site-packages/sqlalchemy/engine/base.py", line 1969, in _exec_single_context
    self.dialect.do_execute(
    ~~~~~~~~~~~~~~~~~~~~~~~^
        cursor, str_statement, effective_parameters, context
        ^^^^^^^^^^^^^^^^^^^^^^^^^^^^^^^^^^^^^^^^^^^^^^^^^^^^
    )
    ^
  File "/Users/ewherheakpesir/Documents/Evvent-api/venv/lib/python3.14/site-packages/sqlalchemy/engine/default.py", line 952, in do_execute
    cursor.execute(statement, parameters)
    ~~~~~~~~~~~~~~^^^^^^^^^^^^^^^^^^^^^^^
sqlalchemy.exc.ProgrammingError: (psycopg2.errors.UndefinedTable) relation "refresh_tokens" does not exist
LINE 1: INSERT INTO refresh_tokens (uuid, user_id, token_hash, expir...
                    ^

[SQL: INSERT INTO refresh_tokens (uuid, user_id, token_hash, expires_at, revoked_at, created_at) VALUES (%(uuid)s::UUID, %(user_id)s::UUID, %(token_hash)s, %(expires_at)s, %(revoked_at)s, %(created_at)s)]
[parameters: {'uuid': UUID('c9d34365-3055-4871-b87a-198bc70785f6'), 'user_id': UUID('00e77b9d-df44-4e8c-b2ed-a4aa7d6d0e1c'), 'token_hash': '7ebdaa5ad5172f18383b959b4ad4f2fce575f91dec7d632c8db51d973a479359', 'expires_at': datetime.datetime(2026, 10, 25, 10, 32, 52, 441514), 'revoked_at': None, 'created_at': datetime.datetime(2026, 9, 25, 10, 32, 52, 442041)}]
(Background on this error at: https://sqlalche.me/e/20/f405)
2026-09-25 11:32:53,055 - INFO - event_ticketing - POST /auth/login -> 500 (1769.0ms)
2026-09-25 11:43:54,126 - INFO - event_ticketing - Application shutdown
2026-09-25 11:44:06,540 - INFO - event_ticketing - Application startup complete
2026-09-25 11:51:31,112 - INFO - event_ticketing - User 00e77b9d-df44-4e8c-b2ed-a4aa7d6d0e1c (ewherheakpesiri+23@gmail.com) logged in
2026-09-25 11:51:31,118 - INFO - event_ticketing - POST /auth/login -> 200 (6081.5ms)
2026-09-25 11:56:06,174 - INFO - event_ticketing - PATCH /auth/me/bank-details -> 401 (5.6ms)
2026-09-25 11:56:58,603 - WARNING - event_ticketing - User 00e77b9d-df44-4e8c-b2ed-a4aa7d6d0e1c with role UserRole.user denied access
2026-09-25 11:56:58,911 - INFO - event_ticketing - PATCH /auth/me/bank-details -> 403 (5262.3ms)
2026-09-25 11:58:16,153 - INFO - event_ticketing - Password reset requested for ewherheakpesiri@gmail.com (token issued: True)
2026-09-25 11:58:17,049 - INFO - event_ticketing - POST /auth/forgot-password -> 200 (2829.5ms)
2026-09-25 11:58:21,342 - INFO - event_ticketing - password reset email sent to ewherheakpesiri@gmail.com
2026-09-25 12:13:19,164 - INFO - event_ticketing - Password reset completed for token NDQGaSfx...
2026-09-25 12:13:19,171 - INFO - event_ticketing - PATCH /auth/reset-password -> 200 (4942.0ms)
2026-09-25 12:17:17,661 - INFO - event_ticketing - GET /auth/me/preferences -> 200 (1488.8ms)
2026-09-25 12:23:06,515 - INFO - event_ticketing - PUT /auth/me/preferences -> 404 (4022.4ms)
2026-09-25 12:24:05,219 - INFO - event_ticketing - User 00e77b9d-df44-4e8c-b2ed-a4aa7d6d0e1c set 1 event category preference(s)
2026-09-25 12:24:05,500 - INFO - event_ticketing - PUT /auth/me/preferences -> 200 (3044.9ms)
2026-09-25 12:24:25,943 - INFO - event_ticketing - User 00e77b9d-df44-4e8c-b2ed-a4aa7d6d0e1c switched role to UserRole.organizer
2026-09-25 12:24:25,951 - INFO - event_ticketing - PATCH /auth/me/role -> 200 (2326.9ms)
2026-09-25 12:26:57,341 - INFO - event_ticketing - GET /auth/protected -> 200 (689.5ms)
2026-09-25 12:27:10,090 - INFO - event_ticketing - GET /auth/organizer/dashboard -> 200 (933.6ms)
2026-09-25 12:29:15,111 - INFO - event_ticketing - Organizer 00e77b9d-df44-4e8c-b2ed-a4aa7d6d0e1c created event 40585c54-291a-48bf-959e-e219cf8e8ac2
2026-09-25 12:29:16,246 - INFO - event_ticketing - POST /events/ -> 201 (4437.8ms)
2026-09-25 12:32:52,095 - INFO - event_ticketing - GET /events/ -> 200 (697.5ms)
2026-09-25 12:33:01,612 - INFO - event_ticketing - GET /events/ -> 200 (884.4ms)
2026-09-25 12:39:26,507 - INFO - event_ticketing - PATCH /events/40585c54-291a-48bf-959e-e219cf8e8ac2 -> 404 (157022.6ms)
2026-09-25 12:39:27,140 - INFO - event_ticketing - GET /events/40585c54-291a-48bf-959e-e219cf8e8ac2 -> 200 (247874.3ms)
2026-09-25 12:43:38,987 - INFO - event_ticketing - GET /events/recommended -> 200 (1466.9ms)
2026-09-25 12:53:44,118 - INFO - event_ticketing - DELETE /events/3fa85f64-5717-4562-b3fc-2c963f66afa6 -> 401 (22.4ms)
2026-09-25 12:55:02,125 - INFO - event_ticketing - DELETE /events/3fa85f64-5717-4562-b3fc-2c963f66afa6 -> 401 (2.8ms)
2026-09-25 12:55:03,353 - INFO - event_ticketing - DELETE /events/3fa85f64-5717-4562-b3fc-2c963f66afa6 -> 401 (2.5ms)
2026-09-25 12:58:33,022 - INFO - event_ticketing - PATCH /events/40585c54-291a-48bf-959e-e219cf8e8ac2/ticket-types/3fa85f64-5717-4562-b3fc-2c963f66afa6 -> 401 (10.3ms)
2026-09-25 13:30:01,479 - INFO - event_ticketing - Application shutdown
